entity,group,value,sequence,variable,unit
G1_01,Group 1,117.828,1,demo_measurement,unit
G1_01,Group 1,102.150,2,demo_measurement,unit
G1_01,Group 1,98.418,3,demo_measurement,unit
G1_01,Group 1,113.589,4,demo_measurement,unit
G1_01,Group 1,88.432,5,demo_measurement,unit
G1_01,Group 1,100.506,6,demo_measurement,unit
G1_01,Group 1,83.448,7,demo_measurement,unit
G1_01,Group 1,96.816,8,demo_measurement,unit
G1_01,Group 1,112.477,9,demo_measurement,unit
G1_01,Group 1,99.099,10,demo_measurement,unit
G1_01,Group 1,84.096,11,demo_measurement,unit
G1_01,Group 1,103.990,12,demo_measurement,unit
G1_01,Group 1,89.455,13,demo_measurement,unit
G1_01,Group 1,102.799,14,demo_measurement,unit
G1_01,Group 1,88.446,15,demo_measurement,unit
G1_01,Group 1,100.696,16,demo_measurement,unit
G1_01,Group 1,101.588,17,demo_measurement,unit
G1_01,Group 1,118.473,18,demo_measurement,unit
G1_01,Group 1,118.585,19,demo_measurement,unit
G1_01,Group 1,91.718,20,demo_measurement,unit
G1_01,Group 1,72.386,21,demo_measurement,unit
G1_01,Group 1,119.472,22,demo_measurement,unit
G1_01,Group 1,80.133,23,demo_measurement,unit
G1_01,Group 1,101.225,24,demo_measurement,unit
G1_01,Group 1,101.279,25,demo_measurement,unit
G1_01,Group 1,107.710,26,demo_measurement,unit
G1_01,Group 1,92.376,27,demo_measurement,unit
G1_01,Group 1,110.633,28,demo_measurement,unit
G1_01,Group 1,75.505,29,demo_measurement,unit
G1_01,Group 1,86.049,30,demo_measurement,unit
G1_01,Group 1,100.638,31,demo_measurement,unit
G1_01,Group 1,99.056,32,demo_measurement,unit
G1_01,Group 1,89.881,33,demo_measurement,unit
G1_01,Group 1,111.009,34,demo_measurement,unit
G1_01,Group 1,98.273,35,demo_measurement,unit
G1_01,Group 1,84.115,36,demo_measurement,unit
G1_01,Group 1,104.134,37,demo_measurement,unit
G1_01,Group 1,89.145,38,demo_measurement,unit
G1_01,Group 1,111.762,39,demo_measurement,unit
G1_01,Group 1,102.295,40,demo_measurement,unit
G1_01,Group 1,105.742,41,demo_measurement,unit
G1_01,Group 1,113.405,42,demo_measurement,unit
G1_01,Group 1,106.023,43,demo_measurement,unit
G1_01,Group 1,87.815,44,demo_measurement,unit
G1_01,Group 1,91.785,45,demo_measurement,unit
G1_01,Group 1,113.501,46,demo_measurement,unit
G1_01,Group 1,105.648,47,demo_measurement,unit
G1_01,Group 1,104.223,48,demo_measurement,unit
G1_01,Group 1,115.049,49,demo_measurement,unit
G1_01,Group 1,95.546,50,demo_measurement,unit
G1_02,Group 1,106.116,1,demo_measurement,unit
G1_02,Group 1,104.010,2,demo_measurement,unit
G1_02,Group 1,67.536,3,demo_measurement,unit
G1_02,Group 1,84.905,4,demo_measurement,unit
G1_02,Group 1,99.317,5,demo_measurement,unit
G1_02,Group 1,114.512,6,demo_measurement,unit
G1_02,Group 1,114.236,7,demo_measurement,unit
G1_02,Group 1,93.152,8,demo_measurement,unit
G1_02,Group 1,106.321,9,demo_measurement,unit
G1_02,Group 1,101.112,10,demo_measurement,unit
G1_02,Group 1,100.978,11,demo_measurement,unit
G1_02,Group 1,90.633,12,demo_measurement,unit
G1_02,Group 1,110.438,13,demo_measurement,unit
G1_02,Group 1,94.664,14,demo_measurement,unit
G1_02,Group 1,116.733,15,demo_measurement,unit
G1_02,Group 1,106.839,16,demo_measurement,unit
G1_02,Group 1,88.006,17,demo_measurement,unit
G1_02,Group 1,89.964,18,demo_measurement,unit
G1_02,Group 1,98.808,19,demo_measurement,unit
G1_02,Group 1,96.040,20,demo_measurement,unit
G1_02,Group 1,92.600,21,demo_measurement,unit
G1_02,Group 1,102.270,22,demo_measurement,unit
G1_02,Group 1,110.250,23,demo_measurement,unit
G1_02,Group 1,94.815,24,demo_measurement,unit
G1_02,Group 1,100.452,25,demo_measurement,unit
G1_02,Group 1,92.796,26,demo_measurement,unit
G1_02,Group 1,91.019,27,demo_measurement,unit
G1_02,Group 1,109.819,28,demo_measurement,unit
G1_02,Group 1,107.447,29,demo_measurement,unit
G1_02,Group 1,109.128,30,demo_measurement,unit
G1_02,Group 1,87.903,31,demo_measurement,unit
G1_02,Group 1,102.110,32,demo_measurement,unit
G1_02,Group 1,87.768,33,demo_measurement,unit
G1_02,Group 1,124.072,34,demo_measurement,unit
G1_02,Group 1,91.433,35,demo_measurement,unit
G1_02,Group 1,87.244,36,demo_measurement,unit
G1_02,Group 1,89.706,37,demo_measurement,unit
G1_02,Group 1,87.725,38,demo_measurement,unit
G1_02,Group 1,99.709,39,demo_measurement,unit
G1_02,Group 1,108.663,40,demo_measurement,unit
G1_02,Group 1,105.401,41,demo_measurement,unit
G1_02,Group 1,89.439,42,demo_measurement,unit
G1_02,Group 1,101.001,43,demo_measurement,unit
G1_02,Group 1,94.974,44,demo_measurement,unit
G1_02,Group 1,114.076,45,demo_measurement,unit
G1_02,Group 1,108.962,46,demo_measurement,unit
G1_02,Group 1,90.374,47,demo_measurement,unit
G1_02,Group 1,105.791,48,demo_measurement,unit
G1_02,Group 1,82.263,49,demo_measurement,unit
G1_02,Group 1,80.967,50,demo_measurement,unit
G1_03,Group 1,86.581,1,demo_measurement,unit
G1_03,Group 1,102.536,2,demo_measurement,unit
G1_03,Group 1,98.130,3,demo_measurement,unit
G1_03,Group 1,122.347,4,demo_measurement,unit
G1_03,Group 1,85.837,5,demo_measurement,unit
G1_03,Group 1,91.525,6,demo_measurement,unit
G1_03,Group 1,97.376,7,demo_measurement,unit
G1_03,Group 1,81.545,8,demo_measurement,unit
G1_03,Group 1,103.145,9,demo_measurement,unit
G1_03,Group 1,81.013,10,demo_measurement,unit
G1_03,Group 1,76.740,11,demo_measurement,unit
G1_03,Group 1,120.075,12,demo_measurement,unit
G1_03,Group 1,103.422,13,demo_measurement,unit
G1_03,Group 1,115.046,14,demo_measurement,unit
G1_03,Group 1,110.663,15,demo_measurement,unit
G1_03,Group 1,109.483,16,demo_measurement,unit
G1_03,Group 1,89.406,17,demo_measurement,unit
G1_03,Group 1,80.797,18,demo_measurement,unit
G1_03,Group 1,100.094,19,demo_measurement,unit
G1_03,Group 1,103.831,20,demo_measurement,unit
G1_03,Group 1,91.009,21,demo_measurement,unit
G1_03,Group 1,113.794,22,demo_measurement,unit
G1_03,Group 1,107.079,23,demo_measurement,unit
G1_03,Group 1,126.157,24,demo_measurement,unit
G1_03,Group 1,94.338,25,demo_measurement,unit
G1_03,Group 1,108.741,26,demo_measurement,unit
G1_03,Group 1,85.183,27,demo_measurement,unit
G1_03,Group 1,94.376,28,demo_measurement,unit
G1_03,Group 1,93.935,29,demo_measurement,unit
G1_03,Group 1,80.731,30,demo_measurement,unit
G1_03,Group 1,104.871,31,demo_measurement,unit
G1_03,Group 1,97.640,32,demo_measurement,unit
G1_03,Group 1,77.582,33,demo_measurement,unit
G1_03,Group 1,84.371,34,demo_measurement,unit
G1_03,Group 1,85.296,35,demo_measurement,unit
G1_03,Group 1,107.321,36,demo_measurement,unit
G1_03,Group 1,100.977,37,demo_measurement,unit
G1_03,Group 1,85.715,38,demo_measurement,unit
G1_03,Group 1,91.126,39,demo_measurement,unit
G1_03,Group 1,103.700,40,demo_measurement,unit
G1_03,Group 1,121.345,41,demo_measurement,unit
G1_03,Group 1,73.256,42,demo_measurement,unit
G1_03,Group 1,91.032,43,demo_measurement,unit
G1_03,Group 1,130.583,44,demo_measurement,unit
G1_03,Group 1,106.794,45,demo_measurement,unit
G1_03,Group 1,113.434,46,demo_measurement,unit
G1_03,Group 1,120.171,47,demo_measurement,unit
G1_03,Group 1,88.188,48,demo_measurement,unit
G1_03,Group 1,85.647,49,demo_measurement,unit
G1_03,Group 1,83.729,50,demo_measurement,unit
G1_04,Group 1,100.020,1,demo_measurement,unit
G1_04,Group 1,102.284,2,demo_measurement,unit
G1_04,Group 1,111.741,3,demo_measurement,unit
G1_04,Group 1,95.547,4,demo_measurement,unit
G1_04,Group 1,105.468,5,demo_measurement,unit
G1_04,Group 1,89.959,6,demo_measurement,unit
G1_04,Group 1,100.608,7,demo_measurement,unit
G1_04,Group 1,103.607,8,demo_measurement,unit
G1_04,Group 1,81.642,9,demo_measurement,unit
G1_04,Group 1,98.038,10,demo_measurement,unit
G1_04,Group 1,109.084,11,demo_measurement,unit
G1_04,Group 1,86.934,12,demo_measurement,unit
G1_04,Group 1,113.826,13,demo_measurement,unit
G1_04,Group 1,67.781,14,demo_measurement,unit
G1_04,Group 1,86.358,15,demo_measurement,unit
G1_04,Group 1,128.717,16,demo_measurement,unit
G1_04,Group 1,119.057,17,demo_measurement,unit
G1_04,Group 1,118.765,18,demo_measurement,unit
G1_04,Group 1,106.500,19,demo_measurement,unit
G1_04,Group 1,82.281,20,demo_measurement,unit
G1_04,Group 1,127.048,21,demo_measurement,unit
G1_04,Group 1,96.459,22,demo_measurement,unit
G1_04,Group 1,87.081,23,demo_measurement,unit
G1_04,Group 1,95.976,24,demo_measurement,unit
G1_04,Group 1,100.786,25,demo_measurement,unit
G1_04,Group 1,100.832,26,demo_measurement,unit
G1_04,Group 1,100.826,27,demo_measurement,unit
G1_04,Group 1,106.671,28,demo_measurement,unit
G1_04,Group 1,82.942,29,demo_measurement,unit
G1_04,Group 1,89.737,30,demo_measurement,unit
G1_04,Group 1,85.231,31,demo_measurement,unit
G1_04,Group 1,103.762,32,demo_measurement,unit
G1_04,Group 1,89.217,33,demo_measurement,unit
G1_04,Group 1,98.360,34,demo_measurement,unit
G1_04,Group 1,97.369,35,demo_measurement,unit
G1_04,Group 1,82.628,36,demo_measurement,unit
G1_04,Group 1,113.395,37,demo_measurement,unit
G1_04,Group 1,81.967,38,demo_measurement,unit
G1_04,Group 1,101.035,39,demo_measurement,unit
G1_04,Group 1,83.715,40,demo_measurement,unit
G1_04,Group 1,99.357,41,demo_measurement,unit
G1_04,Group 1,105.011,42,demo_measurement,unit
G1_04,Group 1,103.682,43,demo_measurement,unit
G1_04,Group 1,99.803,44,demo_measurement,unit
G1_04,Group 1,111.657,45,demo_measurement,unit
G1_04,Group 1,109.815,46,demo_measurement,unit
G1_04,Group 1,97.740,47,demo_measurement,unit
G1_04,Group 1,110.817,48,demo_measurement,unit
G1_04,Group 1,80.802,49,demo_measurement,unit
G1_04,Group 1,113.805,50,demo_measurement,unit
G1_05,Group 1,91.065,1,demo_measurement,unit
G1_05,Group 1,104.536,2,demo_measurement,unit
G1_05,Group 1,93.992,3,demo_measurement,unit
G1_05,Group 1,96.460,4,demo_measurement,unit
G1_05,Group 1,79.782,5,demo_measurement,unit
G1_05,Group 1,108.121,6,demo_measurement,unit
G1_05,Group 1,95.620,7,demo_measurement,unit
G1_05,Group 1,51.657,8,demo_measurement,unit
G1_05,Group 1,84.007,9,demo_measurement,unit
G1_05,Group 1,97.236,10,demo_measurement,unit
G1_05,Group 1,87.637,11,demo_measurement,unit
G1_05,Group 1,94.545,12,demo_measurement,unit
G1_05,Group 1,114.569,13,demo_measurement,unit
G1_05,Group 1,98.348,14,demo_measurement,unit
G1_05,Group 1,102.553,15,demo_measurement,unit
G1_05,Group 1,95.595,16,demo_measurement,unit
G1_05,Group 1,109.060,17,demo_measurement,unit
G1_05,Group 1,98.608,18,demo_measurement,unit
G1_05,Group 1,98.924,19,demo_measurement,unit
G1_05,Group 1,111.044,20,demo_measurement,unit
G1_05,Group 1,97.976,21,demo_measurement,unit
G1_05,Group 1,88.739,22,demo_measurement,unit
G1_05,Group 1,91.697,23,demo_measurement,unit
G1_05,Group 1,104.291,24,demo_measurement,unit
G1_05,Group 1,107.515,25,demo_measurement,unit
G1_05,Group 1,109.276,26,demo_measurement,unit
G1_05,Group 1,100.351,27,demo_measurement,unit
G1_05,Group 1,85.686,28,demo_measurement,unit
G1_05,Group 1,81.270,29,demo_measurement,unit
G1_05,Group 1,92.901,30,demo_measurement,unit
G1_05,Group 1,101.241,31,demo_measurement,unit
G1_05,Group 1,86.426,32,demo_measurement,unit
G1_05,Group 1,88.795,33,demo_measurement,unit
G1_05,Group 1,92.780,34,demo_measurement,unit
G1_05,Group 1,109.649,35,demo_measurement,unit
G1_05,Group 1,97.256,36,demo_measurement,unit
G1_05,Group 1,108.640,37,demo_measurement,unit
G1_05,Group 1,109.478,38,demo_measurement,unit
G1_05,Group 1,120.205,39,demo_measurement,unit
G1_05,Group 1,86.778,40,demo_measurement,unit
G1_05,Group 1,84.823,41,demo_measurement,unit
G1_05,Group 1,90.466,42,demo_measurement,unit
G1_05,Group 1,113.849,43,demo_measurement,unit
G1_05,Group 1,93.823,44,demo_measurement,unit
G1_05,Group 1,93.007,45,demo_measurement,unit
G1_05,Group 1,91.863,46,demo_measurement,unit
G1_05,Group 1,107.061,47,demo_measurement,unit
G1_05,Group 1,120.147,48,demo_measurement,unit
G1_05,Group 1,88.464,49,demo_measurement,unit
G1_05,Group 1,98.677,50,demo_measurement,unit
G1_06,Group 1,101.192,1,demo_measurement,unit
G1_06,Group 1,117.686,2,demo_measurement,unit
G1_06,Group 1,92.811,3,demo_measurement,unit
G1_06,Group 1,93.448,4,demo_measurement,unit
G1_06,Group 1,87.780,5,demo_measurement,unit
G1_06,Group 1,100.323,6,demo_measurement,unit
G1_06,Group 1,93.571,7,demo_measurement,unit
G1_06,Group 1,97.412,8,demo_measurement,unit
G1_06,Group 1,90.560,9,demo_measurement,unit
G1_06,Group 1,111.341,10,demo_measurement,unit
G1_06,Group 1,101.140,11,demo_measurement,unit
G1_06,Group 1,78.852,12,demo_measurement,unit
G1_06,Group 1,94.228,13,demo_measurement,unit
G1_06,Group 1,98.534,14,demo_measurement,unit
G1_06,Group 1,79.742,15,demo_measurement,unit
G1_06,Group 1,91.507,16,demo_measurement,unit
G1_06,Group 1,111.584,17,demo_measurement,unit
G1_06,Group 1,83.925,18,demo_measurement,unit
G1_06,Group 1,92.995,19,demo_measurement,unit
G1_06,Group 1,80.972,20,demo_measurement,unit
G1_06,Group 1,103.033,21,demo_measurement,unit
G1_06,Group 1,114.583,22,demo_measurement,unit
G1_06,Group 1,84.630,23,demo_measurement,unit
G1_06,Group 1,102.834,24,demo_measurement,unit
G1_06,Group 1,105.156,25,demo_measurement,unit
G1_06,Group 1,90.444,26,demo_measurement,unit
G1_06,Group 1,107.025,27,demo_measurement,unit
G1_06,Group 1,96.791,28,demo_measurement,unit
G1_06,Group 1,106.309,29,demo_measurement,unit
G1_06,Group 1,96.858,30,demo_measurement,unit
G1_06,Group 1,80.815,31,demo_measurement,unit
G1_06,Group 1,103.409,32,demo_measurement,unit
G1_06,Group 1,106.430,33,demo_measurement,unit
G1_06,Group 1,97.183,34,demo_measurement,unit
G1_06,Group 1,96.580,35,demo_measurement,unit
G1_06,Group 1,94.324,36,demo_measurement,unit
G1_06,Group 1,94.668,37,demo_measurement,unit
G1_06,Group 1,90.227,38,demo_measurement,unit
G1_06,Group 1,93.174,39,demo_measurement,unit
G1_06,Group 1,130.098,40,demo_measurement,unit
G1_06,Group 1,118.732,41,demo_measurement,unit
G1_06,Group 1,99.632,42,demo_measurement,unit
G1_06,Group 1,96.634,43,demo_measurement,unit
G1_06,Group 1,112.318,44,demo_measurement,unit
G1_06,Group 1,109.246,45,demo_measurement,unit
G1_06,Group 1,102.182,46,demo_measurement,unit
G1_06,Group 1,103.029,47,demo_measurement,unit
G1_06,Group 1,108.749,48,demo_measurement,unit
G1_06,Group 1,104.646,49,demo_measurement,unit
G1_06,Group 1,90.913,50,demo_measurement,unit
G1_07,Group 1,86.099,1,demo_measurement,unit
G1_07,Group 1,94.530,2,demo_measurement,unit
G1_07,Group 1,111.238,3,demo_measurement,unit
G1_07,Group 1,94.934,4,demo_measurement,unit
G1_07,Group 1,106.811,5,demo_measurement,unit
G1_07,Group 1,115.355,6,demo_measurement,unit
G1_07,Group 1,90.238,7,demo_measurement,unit
G1_07,Group 1,112.776,8,demo_measurement,unit
G1_07,Group 1,93.809,9,demo_measurement,unit
G1_07,Group 1,112.538,10,demo_measurement,unit
G1_07,Group 1,104.998,11,demo_measurement,unit
G1_07,Group 1,97.568,12,demo_measurement,unit
G1_07,Group 1,103.632,13,demo_measurement,unit
G1_07,Group 1,89.837,14,demo_measurement,unit
G1_07,Group 1,111.462,15,demo_measurement,unit
G1_07,Group 1,105.798,16,demo_measurement,unit
G1_07,Group 1,94.458,17,demo_measurement,unit
G1_07,Group 1,95.058,18,demo_measurement,unit
G1_07,Group 1,91.715,19,demo_measurement,unit
G1_07,Group 1,90.448,20,demo_measurement,unit
G1_07,Group 1,105.651,21,demo_measurement,unit
G1_07,Group 1,97.379,22,demo_measurement,unit
G1_07,Group 1,98.592,23,demo_measurement,unit
G1_07,Group 1,91.529,24,demo_measurement,unit
G1_07,Group 1,99.775,25,demo_measurement,unit
G1_07,Group 1,123.087,26,demo_measurement,unit
G1_07,Group 1,122.634,27,demo_measurement,unit
G1_07,Group 1,101.516,28,demo_measurement,unit
G1_07,Group 1,118.556,29,demo_measurement,unit
G1_07,Group 1,94.150,30,demo_measurement,unit
G1_07,Group 1,117.451,31,demo_measurement,unit
G1_07,Group 1,70.154,32,demo_measurement,unit
G1_07,Group 1,94.973,33,demo_measurement,unit
G1_07,Group 1,90.603,34,demo_measurement,unit
G1_07,Group 1,98.696,35,demo_measurement,unit
G1_07,Group 1,108.845,36,demo_measurement,unit
G1_07,Group 1,98.294,37,demo_measurement,unit
G1_07,Group 1,97.145,38,demo_measurement,unit
G1_07,Group 1,89.650,39,demo_measurement,unit
G1_07,Group 1,105.913,40,demo_measurement,unit
G1_07,Group 1,84.079,41,demo_measurement,unit
G1_07,Group 1,108.233,42,demo_measurement,unit
G1_07,Group 1,97.851,43,demo_measurement,unit
G1_07,Group 1,78.931,44,demo_measurement,unit
G1_07,Group 1,107.284,45,demo_measurement,unit
G1_07,Group 1,109.212,46,demo_measurement,unit
G1_07,Group 1,89.241,47,demo_measurement,unit
G1_07,Group 1,89.000,48,demo_measurement,unit
G1_07,Group 1,118.242,49,demo_measurement,unit
G1_07,Group 1,112.401,50,demo_measurement,unit
G1_08,Group 1,112.178,1,demo_measurement,unit
G1_08,Group 1,79.628,2,demo_measurement,unit
G1_08,Group 1,105.663,3,demo_measurement,unit
G1_08,Group 1,84.725,4,demo_measurement,unit
G1_08,Group 1,110.782,5,demo_measurement,unit
G1_08,Group 1,102.652,6,demo_measurement,unit
G1_08,Group 1,99.121,7,demo_measurement,unit
G1_08,Group 1,83.266,8,demo_measurement,unit
G1_08,Group 1,103.730,9,demo_measurement,unit
G1_08,Group 1,100.075,10,demo_measurement,unit
G1_08,Group 1,105.619,11,demo_measurement,unit
G1_08,Group 1,98.448,12,demo_measurement,unit
G1_08,Group 1,108.899,13,demo_measurement,unit
G1_08,Group 1,78.839,14,demo_measurement,unit
G1_08,Group 1,116.498,15,demo_measurement,unit
G1_08,Group 1,100.116,16,demo_measurement,unit
G1_08,Group 1,100.393,17,demo_measurement,unit
G1_08,Group 1,87.019,18,demo_measurement,unit
G1_08,Group 1,110.999,19,demo_measurement,unit
G1_08,Group 1,97.072,20,demo_measurement,unit
G1_08,Group 1,86.827,21,demo_measurement,unit
G1_08,Group 1,114.425,22,demo_measurement,unit
G1_08,Group 1,97.727,23,demo_measurement,unit
G1_08,Group 1,105.039,24,demo_measurement,unit
G1_08,Group 1,104.741,25,demo_measurement,unit
G1_08,Group 1,102.161,26,demo_measurement,unit
G1_08,Group 1,93.243,27,demo_measurement,unit
G1_08,Group 1,97.686,28,demo_measurement,unit
G1_08,Group 1,106.442,29,demo_measurement,unit
G1_08,Group 1,111.272,30,demo_measurement,unit
G1_08,Group 1,91.374,31,demo_measurement,unit
G1_08,Group 1,122.539,32,demo_measurement,unit
G1_08,Group 1,90.053,33,demo_measurement,unit
G1_08,Group 1,120.811,34,demo_measurement,unit
G1_08,Group 1,92.315,35,demo_measurement,unit
G1_08,Group 1,94.344,36,demo_measurement,unit
G1_08,Group 1,108.892,37,demo_measurement,unit
G1_08,Group 1,118.360,38,demo_measurement,unit
G1_08,Group 1,82.166,39,demo_measurement,unit
G1_08,Group 1,95.572,40,demo_measurement,unit
G1_08,Group 1,113.216,41,demo_measurement,unit
G1_08,Group 1,101.496,42,demo_measurement,unit
G1_08,Group 1,88.533,43,demo_measurement,unit
G1_08,Group 1,91.057,44,demo_measurement,unit
G1_08,Group 1,89.972,45,demo_measurement,unit
G1_08,Group 1,94.509,46,demo_measurement,unit
G1_08,Group 1,101.429,47,demo_measurement,unit
G1_08,Group 1,102.963,48,demo_measurement,unit
G1_08,Group 1,95.535,49,demo_measurement,unit
G1_08,Group 1,110.941,50,demo_measurement,unit
G1_09,Group 1,102.361,1,demo_measurement,unit
G1_09,Group 1,100.720,2,demo_measurement,unit
G1_09,Group 1,89.865,3,demo_measurement,unit
G1_09,Group 1,103.180,4,demo_measurement,unit
G1_09,Group 1,106.076,5,demo_measurement,unit
G1_09,Group 1,114.550,6,demo_measurement,unit
G1_09,Group 1,110.055,7,demo_measurement,unit
G1_09,Group 1,116.648,8,demo_measurement,unit
G1_09,Group 1,85.692,9,demo_measurement,unit
G1_09,Group 1,88.814,10,demo_measurement,unit
G1_09,Group 1,116.960,11,demo_measurement,unit
G1_09,Group 1,76.166,12,demo_measurement,unit
G1_09,Group 1,96.233,13,demo_measurement,unit
G1_09,Group 1,107.257,14,demo_measurement,unit
G1_09,Group 1,82.095,15,demo_measurement,unit
G1_09,Group 1,95.237,16,demo_measurement,unit
G1_09,Group 1,78.270,17,demo_measurement,unit
G1_09,Group 1,96.996,18,demo_measurement,unit
G1_09,Group 1,95.524,19,demo_measurement,unit
G1_09,Group 1,116.536,20,demo_measurement,unit
G1_09,Group 1,89.483,21,demo_measurement,unit
G1_09,Group 1,80.552,22,demo_measurement,unit
G1_09,Group 1,109.782,23,demo_measurement,unit
G1_09,Group 1,118.704,24,demo_measurement,unit
G1_09,Group 1,98.563,25,demo_measurement,unit
G1_09,Group 1,100.424,26,demo_measurement,unit
G1_09,Group 1,105.656,27,demo_measurement,unit
G1_09,Group 1,104.453,28,demo_measurement,unit
G1_09,Group 1,103.252,29,demo_measurement,unit
G1_09,Group 1,96.956,30,demo_measurement,unit
G1_09,Group 1,98.749,31,demo_measurement,unit
G1_09,Group 1,108.693,32,demo_measurement,unit
G1_09,Group 1,102.087,33,demo_measurement,unit
G1_09,Group 1,94.991,34,demo_measurement,unit
G1_09,Group 1,82.260,35,demo_measurement,unit
G1_09,Group 1,75.845,36,demo_measurement,unit
G1_09,Group 1,96.218,37,demo_measurement,unit
G1_09,Group 1,95.514,38,demo_measurement,unit
G1_09,Group 1,84.991,39,demo_measurement,unit
G1_09,Group 1,106.404,40,demo_measurement,unit
G1_09,Group 1,123.752,41,demo_measurement,unit
G1_09,Group 1,85.590,42,demo_measurement,unit
G1_09,Group 1,95.786,43,demo_measurement,unit
G1_09,Group 1,103.699,44,demo_measurement,unit
G1_09,Group 1,87.150,45,demo_measurement,unit
G1_09,Group 1,88.253,46,demo_measurement,unit
G1_09,Group 1,98.189,47,demo_measurement,unit
G1_09,Group 1,113.663,48,demo_measurement,unit
G1_09,Group 1,89.374,49,demo_measurement,unit
G1_09,Group 1,121.366,50,demo_measurement,unit
G1_10,Group 1,100.236,1,demo_measurement,unit
G1_10,Group 1,113.455,2,demo_measurement,unit
G1_10,Group 1,115.834,3,demo_measurement,unit
G1_10,Group 1,106.047,4,demo_measurement,unit
G1_10,Group 1,90.871,5,demo_measurement,unit
G1_10,Group 1,114.574,6,demo_measurement,unit
G1_10,Group 1,140.039,7,demo_measurement,unit
G1_10,Group 1,116.757,8,demo_measurement,unit
G1_10,Group 1,70.792,9,demo_measurement,unit
G1_10,Group 1,110.892,10,demo_measurement,unit
G1_10,Group 1,102.866,11,demo_measurement,unit
G1_10,Group 1,87.009,12,demo_measurement,unit
G1_10,Group 1,116.237,13,demo_measurement,unit
G1_10,Group 1,114.132,14,demo_measurement,unit
G1_10,Group 1,97.607,15,demo_measurement,unit
G1_10,Group 1,102.145,16,demo_measurement,unit
G1_10,Group 1,69.985,17,demo_measurement,unit
G1_10,Group 1,94.249,18,demo_measurement,unit
G1_10,Group 1,109.593,19,demo_measurement,unit
G1_10,Group 1,82.389,20,demo_measurement,unit
G1_10,Group 1,82.282,21,demo_measurement,unit
G1_10,Group 1,99.506,22,demo_measurement,unit
G1_10,Group 1,96.805,23,demo_measurement,unit
G1_10,Group 1,94.774,24,demo_measurement,unit
G1_10,Group 1,93.013,25,demo_measurement,unit
G1_10,Group 1,113.072,26,demo_measurement,unit
G1_10,Group 1,95.693,27,demo_measurement,unit
G1_10,Group 1,100.936,28,demo_measurement,unit
G1_10,Group 1,123.294,29,demo_measurement,unit
G1_10,Group 1,103.033,30,demo_measurement,unit
G1_10,Group 1,84.661,31,demo_measurement,unit
G1_10,Group 1,114.491,32,demo_measurement,unit
G1_10,Group 1,88.537,33,demo_measurement,unit
G1_10,Group 1,106.993,34,demo_measurement,unit
G1_10,Group 1,110.675,35,demo_measurement,unit
G1_10,Group 1,98.378,36,demo_measurement,unit
G1_10,Group 1,101.326,37,demo_measurement,unit
G1_10,Group 1,114.617,38,demo_measurement,unit
G1_10,Group 1,107.320,39,demo_measurement,unit
G1_10,Group 1,102.507,40,demo_measurement,unit
G1_10,Group 1,110.842,41,demo_measurement,unit
G1_10,Group 1,98.926,42,demo_measurement,unit
G1_10,Group 1,97.398,43,demo_measurement,unit
G1_10,Group 1,89.537,44,demo_measurement,unit
G1_10,Group 1,86.041,45,demo_measurement,unit
G1_10,Group 1,105.034,46,demo_measurement,unit
G1_10,Group 1,97.948,47,demo_measurement,unit
G1_10,Group 1,102.693,48,demo_measurement,unit
G1_10,Group 1,95.744,49,demo_measurement,unit
G1_10,Group 1,101.680,50,demo_measurement,unit
G1_11,Group 1,112.426,1,demo_measurement,unit
G1_11,Group 1,93.191,2,demo_measurement,unit
G1_11,Group 1,77.643,3,demo_measurement,unit
G1_11,Group 1,83.191,4,demo_measurement,unit
G1_11,Group 1,97.617,5,demo_measurement,unit
G1_11,Group 1,84.923,6,demo_measurement,unit
G1_11,Group 1,77.141,7,demo_measurement,unit
G1_11,Group 1,117.080,8,demo_measurement,unit
G1_11,Group 1,97.308,9,demo_measurement,unit
G1_11,Group 1,111.351,10,demo_measurement,unit
G1_11,Group 1,97.088,11,demo_measurement,unit
G1_11,Group 1,97.930,12,demo_measurement,unit
G1_11,Group 1,109.741,13,demo_measurement,unit
G1_11,Group 1,104.291,14,demo_measurement,unit
G1_11,Group 1,101.103,15,demo_measurement,unit
G1_11,Group 1,101.998,16,demo_measurement,unit
G1_11,Group 1,94.733,17,demo_measurement,unit
G1_11,Group 1,108.526,18,demo_measurement,unit
G1_11,Group 1,96.506,19,demo_measurement,unit
G1_11,Group 1,83.884,20,demo_measurement,unit
G1_11,Group 1,115.670,21,demo_measurement,unit
G1_11,Group 1,83.167,22,demo_measurement,unit
G1_11,Group 1,93.013,23,demo_measurement,unit
G1_11,Group 1,92.215,24,demo_measurement,unit
G1_11,Group 1,98.244,25,demo_measurement,unit
G1_11,Group 1,112.947,26,demo_measurement,unit
G1_11,Group 1,105.845,27,demo_measurement,unit
G1_11,Group 1,95.931,28,demo_measurement,unit
G1_11,Group 1,98.084,29,demo_measurement,unit
G1_11,Group 1,107.646,30,demo_measurement,unit
G1_11,Group 1,94.475,31,demo_measurement,unit
G1_11,Group 1,119.865,32,demo_measurement,unit
G1_11,Group 1,98.063,33,demo_measurement,unit
G1_11,Group 1,91.008,34,demo_measurement,unit
G1_11,Group 1,106.142,35,demo_measurement,unit
G1_11,Group 1,107.447,36,demo_measurement,unit
G1_11,Group 1,100.285,37,demo_measurement,unit
G1_11,Group 1,94.308,38,demo_measurement,unit
G1_11,Group 1,110.679,39,demo_measurement,unit
G1_11,Group 1,107.030,40,demo_measurement,unit
G1_11,Group 1,114.527,41,demo_measurement,unit
G1_11,Group 1,121.331,42,demo_measurement,unit
G1_11,Group 1,101.144,43,demo_measurement,unit
G1_11,Group 1,101.832,44,demo_measurement,unit
G1_11,Group 1,90.774,45,demo_measurement,unit
G1_11,Group 1,104.555,46,demo_measurement,unit
G1_11,Group 1,91.275,47,demo_measurement,unit
G1_11,Group 1,100.967,48,demo_measurement,unit
G1_11,Group 1,99.690,49,demo_measurement,unit
G1_11,Group 1,102.872,50,demo_measurement,unit
G1_12,Group 1,115.996,1,demo_measurement,unit
G1_12,Group 1,88.746,2,demo_measurement,unit
G1_12,Group 1,121.337,3,demo_measurement,unit
G1_12,Group 1,92.722,4,demo_measurement,unit
G1_12,Group 1,121.492,5,demo_measurement,unit
G1_12,Group 1,97.014,6,demo_measurement,unit
G1_12,Group 1,87.465,7,demo_measurement,unit
G1_12,Group 1,92.176,8,demo_measurement,unit
G1_12,Group 1,96.929,9,demo_measurement,unit
G1_12,Group 1,75.681,10,demo_measurement,unit
G1_12,Group 1,105.204,11,demo_measurement,unit
G1_12,Group 1,85.180,12,demo_measurement,unit
G1_12,Group 1,81.456,13,demo_measurement,unit
G1_12,Group 1,113.913,14,demo_measurement,unit
G1_12,Group 1,87.601,15,demo_measurement,unit
G1_12,Group 1,111.791,16,demo_measurement,unit
G1_12,Group 1,95.131,17,demo_measurement,unit
G1_12,Group 1,96.219,18,demo_measurement,unit
G1_12,Group 1,107.556,19,demo_measurement,unit
G1_12,Group 1,89.307,20,demo_measurement,unit
G1_12,Group 1,85.091,21,demo_measurement,unit
G1_12,Group 1,88.901,22,demo_measurement,unit
G1_12,Group 1,116.005,23,demo_measurement,unit
G1_12,Group 1,91.639,24,demo_measurement,unit
G1_12,Group 1,117.572,25,demo_measurement,unit
G1_12,Group 1,112.246,26,demo_measurement,unit
G1_12,Group 1,111.686,27,demo_measurement,unit
G1_12,Group 1,97.669,28,demo_measurement,unit
G1_12,Group 1,99.526,29,demo_measurement,unit
G1_12,Group 1,105.785,30,demo_measurement,unit
G1_12,Group 1,92.557,31,demo_measurement,unit
G1_12,Group 1,108.599,32,demo_measurement,unit
G1_12,Group 1,116.232,33,demo_measurement,unit
G1_12,Group 1,103.229,34,demo_measurement,unit
G1_12,Group 1,94.303,35,demo_measurement,unit
G1_12,Group 1,100.329,36,demo_measurement,unit
G1_12,Group 1,106.698,37,demo_measurement,unit
G1_12,Group 1,107.799,38,demo_measurement,unit
G1_12,Group 1,87.291,39,demo_measurement,unit
G1_12,Group 1,101.478,40,demo_measurement,unit
G1_12,Group 1,87.914,41,demo_measurement,unit
G1_12,Group 1,106.414,42,demo_measurement,unit
G1_12,Group 1,107.248,43,demo_measurement,unit
G1_12,Group 1,100.194,44,demo_measurement,unit
G1_12,Group 1,96.270,45,demo_measurement,unit
G1_12,Group 1,107.830,46,demo_measurement,unit
G1_12,Group 1,99.374,47,demo_measurement,unit
G1_12,Group 1,99.507,48,demo_measurement,unit
G1_12,Group 1,81.267,49,demo_measurement,unit
G1_12,Group 1,99.514,50,demo_measurement,unit
G1_13,Group 1,88.711,1,demo_measurement,unit
G1_13,Group 1,125.708,2,demo_measurement,unit
G1_13,Group 1,103.863,3,demo_measurement,unit
G1_13,Group 1,83.733,4,demo_measurement,unit
G1_13,Group 1,103.117,5,demo_measurement,unit
G1_13,Group 1,71.586,6,demo_measurement,unit
G1_13,Group 1,119.130,7,demo_measurement,unit
G1_13,Group 1,91.741,8,demo_measurement,unit
G1_13,Group 1,95.288,9,demo_measurement,unit
G1_13,Group 1,74.937,10,demo_measurement,unit
G1_13,Group 1,73.230,11,demo_measurement,unit
G1_13,Group 1,109.910,12,demo_measurement,unit
G1_13,Group 1,91.785,13,demo_measurement,unit
G1_13,Group 1,89.402,14,demo_measurement,unit
G1_13,Group 1,102.504,15,demo_measurement,unit
G1_13,Group 1,109.118,16,demo_measurement,unit
G1_13,Group 1,84.260,17,demo_measurement,unit
G1_13,Group 1,114.838,18,demo_measurement,unit
G1_13,Group 1,102.555,19,demo_measurement,unit
G1_13,Group 1,95.208,20,demo_measurement,unit
G1_13,Group 1,119.943,21,demo_measurement,unit
G1_13,Group 1,117.292,22,demo_measurement,unit
G1_13,Group 1,89.281,23,demo_measurement,unit
G1_13,Group 1,110.322,24,demo_measurement,unit
G1_13,Group 1,82.273,25,demo_measurement,unit
G1_13,Group 1,97.227,26,demo_measurement,unit
G1_13,Group 1,88.532,27,demo_measurement,unit
G1_13,Group 1,80.764,28,demo_measurement,unit
G1_13,Group 1,97.582,29,demo_measurement,unit
G1_13,Group 1,109.780,30,demo_measurement,unit
G1_13,Group 1,92.748,31,demo_measurement,unit
G1_13,Group 1,116.625,32,demo_measurement,unit
G1_13,Group 1,82.545,33,demo_measurement,unit
G1_13,Group 1,94.345,34,demo_measurement,unit
G1_13,Group 1,108.109,35,demo_measurement,unit
G1_13,Group 1,117.613,36,demo_measurement,unit
G1_13,Group 1,115.075,37,demo_measurement,unit
G1_13,Group 1,106.288,38,demo_measurement,unit
G1_13,Group 1,106.989,39,demo_measurement,unit
G1_13,Group 1,95.123,40,demo_measurement,unit
G1_13,Group 1,108.397,41,demo_measurement,unit
G1_13,Group 1,112.218,42,demo_measurement,unit
G1_13,Group 1,110.114,43,demo_measurement,unit
G1_13,Group 1,106.372,44,demo_measurement,unit
G1_13,Group 1,85.610,45,demo_measurement,unit
G1_13,Group 1,114.709,46,demo_measurement,unit
G1_13,Group 1,102.422,47,demo_measurement,unit
G1_13,Group 1,97.767,48,demo_measurement,unit
G1_13,Group 1,119.785,49,demo_measurement,unit
G1_13,Group 1,91.491,50,demo_measurement,unit
G1_14,Group 1,113.695,1,demo_measurement,unit
G1_14,Group 1,86.326,2,demo_measurement,unit
G1_14,Group 1,104.278,3,demo_measurement,unit
G1_14,Group 1,101.280,4,demo_measurement,unit
G1_14,Group 1,104.738,5,demo_measurement,unit
G1_14,Group 1,95.178,6,demo_measurement,unit
G1_14,Group 1,83.592,7,demo_measurement,unit
G1_14,Group 1,113.294,8,demo_measurement,unit
G1_14,Group 1,104.913,9,demo_measurement,unit
G1_14,Group 1,79.088,10,demo_measurement,unit
G1_14,Group 1,90.005,11,demo_measurement,unit
G1_14,Group 1,83.298,12,demo_measurement,unit
G1_14,Group 1,102.467,13,demo_measurement,unit
G1_14,Group 1,109.105,14,demo_measurement,unit
G1_14,Group 1,91.912,15,demo_measurement,unit
G1_14,Group 1,102.311,16,demo_measurement,unit
G1_14,Group 1,103.923,17,demo_measurement,unit
G1_14,Group 1,101.126,18,demo_measurement,unit
G1_14,Group 1,90.499,19,demo_measurement,unit
G1_14,Group 1,93.772,20,demo_measurement,unit
G1_14,Group 1,112.122,21,demo_measurement,unit
G1_14,Group 1,77.276,22,demo_measurement,unit
G1_14,Group 1,108.250,23,demo_measurement,unit
G1_14,Group 1,87.777,24,demo_measurement,unit
G1_14,Group 1,101.572,25,demo_measurement,unit
G1_14,Group 1,92.288,26,demo_measurement,unit
G1_14,Group 1,89.500,27,demo_measurement,unit
G1_14,Group 1,105.748,28,demo_measurement,unit
G1_14,Group 1,81.123,29,demo_measurement,unit
G1_14,Group 1,91.715,30,demo_measurement,unit
G1_14,Group 1,87.948,31,demo_measurement,unit
G1_14,Group 1,69.356,32,demo_measurement,unit
G1_14,Group 1,107.190,33,demo_measurement,unit
G1_14,Group 1,106.196,34,demo_measurement,unit
G1_14,Group 1,117.838,35,demo_measurement,unit
G1_14,Group 1,100.151,36,demo_measurement,unit
G1_14,Group 1,100.726,37,demo_measurement,unit
G1_14,Group 1,89.820,38,demo_measurement,unit
G1_14,Group 1,89.821,39,demo_measurement,unit
G1_14,Group 1,96.554,40,demo_measurement,unit
G1_14,Group 1,110.988,41,demo_measurement,unit
G1_14,Group 1,98.931,42,demo_measurement,unit
G1_14,Group 1,80.464,43,demo_measurement,unit
G1_14,Group 1,94.580,44,demo_measurement,unit
G1_14,Group 1,90.309,45,demo_measurement,unit
G1_14,Group 1,95.526,46,demo_measurement,unit
G1_14,Group 1,118.507,47,demo_measurement,unit
G1_14,Group 1,100.858,48,demo_measurement,unit
G1_14,Group 1,128.764,49,demo_measurement,unit
G1_14,Group 1,96.273,50,demo_measurement,unit
G1_15,Group 1,118.423,1,demo_measurement,unit
G1_15,Group 1,86.441,2,demo_measurement,unit
G1_15,Group 1,100.657,3,demo_measurement,unit
G1_15,Group 1,105.826,4,demo_measurement,unit
G1_15,Group 1,95.515,5,demo_measurement,unit
G1_15,Group 1,80.289,6,demo_measurement,unit
G1_15,Group 1,88.215,7,demo_measurement,unit
G1_15,Group 1,110.387,8,demo_measurement,unit
G1_15,Group 1,112.552,9,demo_measurement,unit
G1_15,Group 1,115.698,10,demo_measurement,unit
G1_15,Group 1,105.439,11,demo_measurement,unit
G1_15,Group 1,91.837,12,demo_measurement,unit
G1_15,Group 1,107.419,13,demo_measurement,unit
G1_15,Group 1,110.700,14,demo_measurement,unit
G1_15,Group 1,83.421,15,demo_measurement,unit
G1_15,Group 1,96.459,16,demo_measurement,unit
G1_15,Group 1,93.754,17,demo_measurement,unit
G1_15,Group 1,129.986,18,demo_measurement,unit
G1_15,Group 1,104.239,19,demo_measurement,unit
G1_15,Group 1,95.982,20,demo_measurement,unit
G1_15,Group 1,89.486,21,demo_measurement,unit
G1_15,Group 1,106.953,22,demo_measurement,unit
G1_15,Group 1,97.297,23,demo_measurement,unit
G1_15,Group 1,93.849,24,demo_measurement,unit
G1_15,Group 1,97.692,25,demo_measurement,unit
G1_15,Group 1,111.585,26,demo_measurement,unit
G1_15,Group 1,104.402,27,demo_measurement,unit
G1_15,Group 1,88.493,28,demo_measurement,unit
G1_15,Group 1,126.964,29,demo_measurement,unit
G1_15,Group 1,105.961,30,demo_measurement,unit
G1_15,Group 1,100.818,31,demo_measurement,unit
G1_15,Group 1,111.677,32,demo_measurement,unit
G1_15,Group 1,110.336,33,demo_measurement,unit
G1_15,Group 1,86.964,34,demo_measurement,unit
G1_15,Group 1,100.218,35,demo_measurement,unit
G1_15,Group 1,76.816,36,demo_measurement,unit
G1_15,Group 1,110.623,37,demo_measurement,unit
G1_15,Group 1,107.423,38,demo_measurement,unit
G1_15,Group 1,101.603,39,demo_measurement,unit
G1_15,Group 1,103.042,40,demo_measurement,unit
G1_15,Group 1,102.852,41,demo_measurement,unit
G1_15,Group 1,117.899,42,demo_measurement,unit
G1_15,Group 1,95.604,43,demo_measurement,unit
G1_15,Group 1,86.454,44,demo_measurement,unit
G1_15,Group 1,121.658,45,demo_measurement,unit
G1_15,Group 1,99.985,46,demo_measurement,unit
G1_15,Group 1,69.204,47,demo_measurement,unit
G1_15,Group 1,82.665,48,demo_measurement,unit
G1_15,Group 1,118.223,49,demo_measurement,unit
G1_15,Group 1,114.530,50,demo_measurement,unit
G1_16,Group 1,79.638,1,demo_measurement,unit
G1_16,Group 1,108.759,2,demo_measurement,unit
G1_16,Group 1,113.497,3,demo_measurement,unit
G1_16,Group 1,107.146,4,demo_measurement,unit
G1_16,Group 1,99.431,5,demo_measurement,unit
G1_16,Group 1,80.465,6,demo_measurement,unit
G1_16,Group 1,105.330,7,demo_measurement,unit
G1_16,Group 1,88.260,8,demo_measurement,unit
G1_16,Group 1,105.655,9,demo_measurement,unit
G1_16,Group 1,108.921,10,demo_measurement,unit
G1_16,Group 1,110.017,11,demo_measurement,unit
G1_16,Group 1,83.656,12,demo_measurement,unit
G1_16,Group 1,87.653,13,demo_measurement,unit
G1_16,Group 1,76.247,14,demo_measurement,unit
G1_16,Group 1,99.928,15,demo_measurement,unit
G1_16,Group 1,98.552,16,demo_measurement,unit
G1_16,Group 1,106.751,17,demo_measurement,unit
G1_16,Group 1,90.141,18,demo_measurement,unit
G1_16,Group 1,101.094,19,demo_measurement,unit
G1_16,Group 1,104.101,20,demo_measurement,unit
G1_16,Group 1,76.809,21,demo_measurement,unit
G1_16,Group 1,105.967,22,demo_measurement,unit
G1_16,Group 1,113.350,23,demo_measurement,unit
G1_16,Group 1,113.341,24,demo_measurement,unit
G1_16,Group 1,104.459,25,demo_measurement,unit
G1_16,Group 1,112.279,26,demo_measurement,unit
G1_16,Group 1,109.967,27,demo_measurement,unit
G1_16,Group 1,95.732,28,demo_measurement,unit
G1_16,Group 1,100.275,29,demo_measurement,unit
G1_16,Group 1,95.883,30,demo_measurement,unit
G1_16,Group 1,106.561,31,demo_measurement,unit
G1_16,Group 1,114.780,32,demo_measurement,unit
G1_16,Group 1,113.551,33,demo_measurement,unit
G1_16,Group 1,102.872,34,demo_measurement,unit
G1_16,Group 1,98.328,35,demo_measurement,unit
G1_16,Group 1,104.206,36,demo_measurement,unit
G1_16,Group 1,123.905,37,demo_measurement,unit
G1_16,Group 1,111.312,38,demo_measurement,unit
G1_16,Group 1,103.569,39,demo_measurement,unit
G1_16,Group 1,100.393,40,demo_measurement,unit
G1_16,Group 1,104.776,41,demo_measurement,unit
G1_16,Group 1,90.157,42,demo_measurement,unit
G1_16,Group 1,115.373,43,demo_measurement,unit
G1_16,Group 1,100.671,44,demo_measurement,unit
G1_16,Group 1,114.695,45,demo_measurement,unit
G1_16,Group 1,91.411,46,demo_measurement,unit
G1_16,Group 1,118.521,47,demo_measurement,unit
G1_16,Group 1,117.801,48,demo_measurement,unit
G1_16,Group 1,85.617,49,demo_measurement,unit
G1_16,Group 1,97.843,50,demo_measurement,unit
G1_17,Group 1,79.965,1,demo_measurement,unit
G1_17,Group 1,72.669,2,demo_measurement,unit
G1_17,Group 1,103.538,3,demo_measurement,unit
G1_17,Group 1,84.555,4,demo_measurement,unit
G1_17,Group 1,92.437,5,demo_measurement,unit
G1_17,Group 1,103.120,6,demo_measurement,unit
G1_17,Group 1,104.153,7,demo_measurement,unit
G1_17,Group 1,85.403,8,demo_measurement,unit
G1_17,Group 1,124.451,9,demo_measurement,unit
G1_17,Group 1,124.327,10,demo_measurement,unit
G1_17,Group 1,105.308,11,demo_measurement,unit
G1_17,Group 1,83.359,12,demo_measurement,unit
G1_17,Group 1,106.931,13,demo_measurement,unit
G1_17,Group 1,112.769,14,demo_measurement,unit
G1_17,Group 1,103.044,15,demo_measurement,unit
G1_17,Group 1,117.639,16,demo_measurement,unit
G1_17,Group 1,86.686,17,demo_measurement,unit
G1_17,Group 1,94.883,18,demo_measurement,unit
G1_17,Group 1,101.983,19,demo_measurement,unit
G1_17,Group 1,108.265,20,demo_measurement,unit
G1_17,Group 1,115.698,21,demo_measurement,unit
G1_17,Group 1,102.828,22,demo_measurement,unit
G1_17,Group 1,103.357,23,demo_measurement,unit
G1_17,Group 1,91.044,24,demo_measurement,unit
G1_17,Group 1,101.011,25,demo_measurement,unit
G1_17,Group 1,105.626,26,demo_measurement,unit
G1_17,Group 1,95.015,27,demo_measurement,unit
G1_17,Group 1,101.902,28,demo_measurement,unit
G1_17,Group 1,84.469,29,demo_measurement,unit
G1_17,Group 1,108.705,30,demo_measurement,unit
G1_17,Group 1,105.818,31,demo_measurement,unit
G1_17,Group 1,96.364,32,demo_measurement,unit
G1_17,Group 1,93.001,33,demo_measurement,unit
G1_17,Group 1,91.252,34,demo_measurement,unit
G1_17,Group 1,92.452,35,demo_measurement,unit
G1_17,Group 1,101.671,36,demo_measurement,unit
G1_17,Group 1,109.309,37,demo_measurement,unit
G1_17,Group 1,69.014,38,demo_measurement,unit
G1_17,Group 1,106.307,39,demo_measurement,unit
G1_17,Group 1,119.365,40,demo_measurement,unit
G1_17,Group 1,115.006,41,demo_measurement,unit
G1_17,Group 1,117.102,42,demo_measurement,unit
G1_17,Group 1,98.332,43,demo_measurement,unit
G1_17,Group 1,100.303,44,demo_measurement,unit
G1_17,Group 1,88.454,45,demo_measurement,unit
G1_17,Group 1,75.278,46,demo_measurement,unit
G1_17,Group 1,106.653,47,demo_measurement,unit
G1_17,Group 1,93.609,48,demo_measurement,unit
G1_17,Group 1,106.633,49,demo_measurement,unit
G1_17,Group 1,113.399,50,demo_measurement,unit
G1_18,Group 1,107.456,1,demo_measurement,unit
G1_18,Group 1,116.399,2,demo_measurement,unit
G1_18,Group 1,103.935,3,demo_measurement,unit
G1_18,Group 1,114.350,4,demo_measurement,unit
G1_18,Group 1,109.680,5,demo_measurement,unit
G1_18,Group 1,106.213,6,demo_measurement,unit
G1_18,Group 1,126.028,7,demo_measurement,unit
G1_18,Group 1,114.149,8,demo_measurement,unit
G1_18,Group 1,99.348,9,demo_measurement,unit
G1_18,Group 1,106.762,10,demo_measurement,unit
G1_18,Group 1,85.075,11,demo_measurement,unit
G1_18,Group 1,97.077,12,demo_measurement,unit
G1_18,Group 1,109.527,13,demo_measurement,unit
G1_18,Group 1,97.182,14,demo_measurement,unit
G1_18,Group 1,91.007,15,demo_measurement,unit
G1_18,Group 1,73.578,16,demo_measurement,unit
G1_18,Group 1,93.676,17,demo_measurement,unit
G1_18,Group 1,109.095,18,demo_measurement,unit
G1_18,Group 1,114.001,19,demo_measurement,unit
G1_18,Group 1,112.010,20,demo_measurement,unit
G1_18,Group 1,117.145,21,demo_measurement,unit
G1_18,Group 1,98.619,22,demo_measurement,unit
G1_18,Group 1,99.510,23,demo_measurement,unit
G1_18,Group 1,84.771,24,demo_measurement,unit
G1_18,Group 1,100.524,25,demo_measurement,unit
G1_18,Group 1,89.085,26,demo_measurement,unit
G1_18,Group 1,88.135,27,demo_measurement,unit
G1_18,Group 1,98.828,28,demo_measurement,unit
G1_18,Group 1,108.493,29,demo_measurement,unit
G1_18,Group 1,104.246,30,demo_measurement,unit
G1_18,Group 1,113.834,31,demo_measurement,unit
G1_18,Group 1,116.053,32,demo_measurement,unit
G1_18,Group 1,95.773,33,demo_measurement,unit
G1_18,Group 1,93.843,34,demo_measurement,unit
G1_18,Group 1,135.730,35,demo_measurement,unit
G1_18,Group 1,92.220,36,demo_measurement,unit
G1_18,Group 1,99.031,37,demo_measurement,unit
G1_18,Group 1,109.572,38,demo_measurement,unit
G1_18,Group 1,103.110,39,demo_measurement,unit
G1_18,Group 1,110.718,40,demo_measurement,unit
G1_18,Group 1,97.474,41,demo_measurement,unit
G1_18,Group 1,98.232,42,demo_measurement,unit
G1_18,Group 1,96.908,43,demo_measurement,unit
G1_18,Group 1,107.560,44,demo_measurement,unit
G1_18,Group 1,109.499,45,demo_measurement,unit
G1_18,Group 1,69.138,46,demo_measurement,unit
G1_18,Group 1,94.974,47,demo_measurement,unit
G1_18,Group 1,115.878,48,demo_measurement,unit
G1_18,Group 1,119.155,49,demo_measurement,unit
G1_18,Group 1,110.252,50,demo_measurement,unit
G1_19,Group 1,103.657,1,demo_measurement,unit
G1_19,Group 1,72.586,2,demo_measurement,unit
G1_19,Group 1,90.418,3,demo_measurement,unit
G1_19,Group 1,113.569,4,demo_measurement,unit
G1_19,Group 1,93.551,5,demo_measurement,unit
G1_19,Group 1,111.614,6,demo_measurement,unit
G1_19,Group 1,103.892,7,demo_measurement,unit
G1_19,Group 1,105.683,8,demo_measurement,unit
G1_19,Group 1,92.783,9,demo_measurement,unit
G1_19,Group 1,103.004,10,demo_measurement,unit
G1_19,Group 1,124.849,11,demo_measurement,unit
G1_19,Group 1,94.292,12,demo_measurement,unit
G1_19,Group 1,96.623,13,demo_measurement,unit
G1_19,Group 1,115.884,14,demo_measurement,unit
G1_19,Group 1,87.874,15,demo_measurement,unit
G1_19,Group 1,127.859,16,demo_measurement,unit
G1_19,Group 1,114.249,17,demo_measurement,unit
G1_19,Group 1,99.341,18,demo_measurement,unit
G1_19,Group 1,109.773,19,demo_measurement,unit
G1_19,Group 1,77.861,20,demo_measurement,unit
G1_19,Group 1,95.274,21,demo_measurement,unit
G1_19,Group 1,100.104,22,demo_measurement,unit
G1_19,Group 1,122.893,23,demo_measurement,unit
G1_19,Group 1,116.416,24,demo_measurement,unit
G1_19,Group 1,99.601,25,demo_measurement,unit
G1_19,Group 1,79.788,26,demo_measurement,unit
G1_19,Group 1,103.793,27,demo_measurement,unit
G1_19,Group 1,109.744,28,demo_measurement,unit
G1_19,Group 1,108.954,29,demo_measurement,unit
G1_19,Group 1,104.557,30,demo_measurement,unit
G1_19,Group 1,96.886,31,demo_measurement,unit
G1_19,Group 1,96.069,32,demo_measurement,unit
G1_19,Group 1,113.112,33,demo_measurement,unit
G1_19,Group 1,88.757,34,demo_measurement,unit
G1_19,Group 1,106.488,35,demo_measurement,unit
G1_19,Group 1,95.607,36,demo_measurement,unit
G1_19,Group 1,113.590,37,demo_measurement,unit
G1_19,Group 1,93.414,38,demo_measurement,unit
G1_19,Group 1,101.431,39,demo_measurement,unit
G1_19,Group 1,106.854,40,demo_measurement,unit
G1_19,Group 1,93.874,41,demo_measurement,unit
G1_19,Group 1,94.679,42,demo_measurement,unit
G1_19,Group 1,93.725,43,demo_measurement,unit
G1_19,Group 1,104.109,44,demo_measurement,unit
G1_19,Group 1,102.956,45,demo_measurement,unit
G1_19,Group 1,115.427,46,demo_measurement,unit
G1_19,Group 1,110.097,47,demo_measurement,unit
G1_19,Group 1,110.265,48,demo_measurement,unit
G1_19,Group 1,98.230,49,demo_measurement,unit
G1_19,Group 1,108.960,50,demo_measurement,unit
G1_20,Group 1,109.939,1,demo_measurement,unit
G1_20,Group 1,91.918,2,demo_measurement,unit
G1_20,Group 1,126.475,3,demo_measurement,unit
G1_20,Group 1,102.500,4,demo_measurement,unit
G1_20,Group 1,81.879,5,demo_measurement,unit
G1_20,Group 1,102.946,6,demo_measurement,unit
G1_20,Group 1,91.177,7,demo_measurement,unit
G1_20,Group 1,77.512,8,demo_measurement,unit
G1_20,Group 1,97.565,9,demo_measurement,unit
G1_20,Group 1,112.717,10,demo_measurement,unit
G1_20,Group 1,102.484,11,demo_measurement,unit
G1_20,Group 1,98.671,12,demo_measurement,unit
G1_20,Group 1,76.315,13,demo_measurement,unit
G1_20,Group 1,108.718,14,demo_measurement,unit
G1_20,Group 1,104.787,15,demo_measurement,unit
G1_20,Group 1,92.352,16,demo_measurement,unit
G1_20,Group 1,91.900,17,demo_measurement,unit
G1_20,Group 1,94.282,18,demo_measurement,unit
G1_20,Group 1,83.859,19,demo_measurement,unit
G1_20,Group 1,115.071,20,demo_measurement,unit
G1_20,Group 1,96.194,21,demo_measurement,unit
G1_20,Group 1,101.688,22,demo_measurement,unit
G1_20,Group 1,124.644,23,demo_measurement,unit
G1_20,Group 1,111.735,24,demo_measurement,unit
G1_20,Group 1,96.418,25,demo_measurement,unit
G1_20,Group 1,98.921,26,demo_measurement,unit
G1_20,Group 1,100.993,27,demo_measurement,unit
G1_20,Group 1,110.864,28,demo_measurement,unit
G1_20,Group 1,99.796,29,demo_measurement,unit
G1_20,Group 1,69.931,30,demo_measurement,unit
G1_20,Group 1,107.655,31,demo_measurement,unit
G1_20,Group 1,115.770,32,demo_measurement,unit
G1_20,Group 1,126.791,33,demo_measurement,unit
G1_20,Group 1,96.732,34,demo_measurement,unit
G1_20,Group 1,87.874,35,demo_measurement,unit
G1_20,Group 1,91.794,36,demo_measurement,unit
G1_20,Group 1,112.352,37,demo_measurement,unit
G1_20,Group 1,98.062,38,demo_measurement,unit
G1_20,Group 1,95.404,39,demo_measurement,unit
G1_20,Group 1,99.107,40,demo_measurement,unit
G1_20,Group 1,103.948,41,demo_measurement,unit
G1_20,Group 1,109.464,42,demo_measurement,unit
G1_20,Group 1,123.415,43,demo_measurement,unit
G1_20,Group 1,98.644,44,demo_measurement,unit
G1_20,Group 1,99.800,45,demo_measurement,unit
G1_20,Group 1,112.634,46,demo_measurement,unit
G1_20,Group 1,94.187,47,demo_measurement,unit
G1_20,Group 1,96.759,48,demo_measurement,unit
G1_20,Group 1,86.193,49,demo_measurement,unit
G1_20,Group 1,88.988,50,demo_measurement,unit
G1_21,Group 1,92.410,1,demo_measurement,unit
G1_21,Group 1,105.279,2,demo_measurement,unit
G1_21,Group 1,115.585,3,demo_measurement,unit
G1_21,Group 1,73.865,4,demo_measurement,unit
G1_21,Group 1,102.592,5,demo_measurement,unit
G1_21,Group 1,120.378,6,demo_measurement,unit
G1_21,Group 1,106.388,7,demo_measurement,unit
G1_21,Group 1,92.775,8,demo_measurement,unit
G1_21,Group 1,80.746,9,demo_measurement,unit
G1_21,Group 1,86.464,10,demo_measurement,unit
G1_21,Group 1,89.219,11,demo_measurement,unit
G1_21,Group 1,97.508,12,demo_measurement,unit
G1_21,Group 1,123.935,13,demo_measurement,unit
G1_21,Group 1,111.611,14,demo_measurement,unit
G1_21,Group 1,119.483,15,demo_measurement,unit
G1_21,Group 1,103.765,16,demo_measurement,unit
G1_21,Group 1,86.913,17,demo_measurement,unit
G1_21,Group 1,99.947,18,demo_measurement,unit
G1_21,Group 1,99.780,19,demo_measurement,unit
G1_21,Group 1,98.178,20,demo_measurement,unit
G1_21,Group 1,78.719,21,demo_measurement,unit
G1_21,Group 1,85.689,22,demo_measurement,unit
G1_21,Group 1,103.274,23,demo_measurement,unit
G1_21,Group 1,119.611,24,demo_measurement,unit
G1_21,Group 1,106.442,25,demo_measurement,unit
G1_21,Group 1,120.667,26,demo_measurement,unit
G1_21,Group 1,112.772,27,demo_measurement,unit
G1_21,Group 1,96.569,28,demo_measurement,unit
G1_21,Group 1,109.494,29,demo_measurement,unit
G1_21,Group 1,114.403,30,demo_measurement,unit
G1_21,Group 1,119.857,31,demo_measurement,unit
G1_21,Group 1,100.951,32,demo_measurement,unit
G1_21,Group 1,120.992,33,demo_measurement,unit
G1_21,Group 1,107.362,34,demo_measurement,unit
G1_21,Group 1,112.390,35,demo_measurement,unit
G1_21,Group 1,98.893,36,demo_measurement,unit
G1_21,Group 1,111.567,37,demo_measurement,unit
G1_21,Group 1,107.287,38,demo_measurement,unit
G1_21,Group 1,88.412,39,demo_measurement,unit
G1_21,Group 1,112.176,40,demo_measurement,unit
G1_21,Group 1,99.885,41,demo_measurement,unit
G1_21,Group 1,109.797,42,demo_measurement,unit
G1_21,Group 1,114.328,43,demo_measurement,unit
G1_21,Group 1,83.626,44,demo_measurement,unit
G1_21,Group 1,93.699,45,demo_measurement,unit
G1_21,Group 1,99.609,46,demo_measurement,unit
G1_21,Group 1,107.652,47,demo_measurement,unit
G1_21,Group 1,116.588,48,demo_measurement,unit
G1_21,Group 1,100.103,49,demo_measurement,unit
G1_21,Group 1,92.031,50,demo_measurement,unit
G1_22,Group 1,90.771,1,demo_measurement,unit
G1_22,Group 1,105.224,2,demo_measurement,unit
G1_22,Group 1,95.251,3,demo_measurement,unit
G1_22,Group 1,95.984,4,demo_measurement,unit
G1_22,Group 1,109.913,5,demo_measurement,unit
G1_22,Group 1,84.640,6,demo_measurement,unit
G1_22,Group 1,89.895,7,demo_measurement,unit
G1_22,Group 1,87.119,8,demo_measurement,unit
G1_22,Group 1,98.927,9,demo_measurement,unit
G1_22,Group 1,106.404,10,demo_measurement,unit
G1_22,Group 1,118.505,11,demo_measurement,unit
G1_22,Group 1,83.800,12,demo_measurement,unit
G1_22,Group 1,81.224,13,demo_measurement,unit
G1_22,Group 1,109.558,14,demo_measurement,unit
G1_22,Group 1,82.614,15,demo_measurement,unit
G1_22,Group 1,109.007,16,demo_measurement,unit
G1_22,Group 1,101.923,17,demo_measurement,unit
G1_22,Group 1,85.059,18,demo_measurement,unit
G1_22,Group 1,87.607,19,demo_measurement,unit
G1_22,Group 1,85.609,20,demo_measurement,unit
G1_22,Group 1,106.640,21,demo_measurement,unit
G1_22,Group 1,92.353,22,demo_measurement,unit
G1_22,Group 1,105.786,23,demo_measurement,unit
G1_22,Group 1,99.224,24,demo_measurement,unit
G1_22,Group 1,88.719,25,demo_measurement,unit
G1_22,Group 1,121.047,26,demo_measurement,unit
G1_22,Group 1,100.111,27,demo_measurement,unit
G1_22,Group 1,87.076,28,demo_measurement,unit
G1_22,Group 1,110.836,29,demo_measurement,unit
G1_22,Group 1,86.361,30,demo_measurement,unit
G1_22,Group 1,72.907,31,demo_measurement,unit
G1_22,Group 1,95.479,32,demo_measurement,unit
G1_22,Group 1,111.822,33,demo_measurement,unit
G1_22,Group 1,97.862,34,demo_measurement,unit
G1_22,Group 1,114.690,35,demo_measurement,unit
G1_22,Group 1,100.323,36,demo_measurement,unit
G1_22,Group 1,103.740,37,demo_measurement,unit
G1_22,Group 1,117.195,38,demo_measurement,unit
G1_22,Group 1,87.461,39,demo_measurement,unit
G1_22,Group 1,114.996,40,demo_measurement,unit
G1_22,Group 1,99.896,41,demo_measurement,unit
G1_22,Group 1,76.764,42,demo_measurement,unit
G1_22,Group 1,93.641,43,demo_measurement,unit
G1_22,Group 1,95.098,44,demo_measurement,unit
G1_22,Group 1,102.901,45,demo_measurement,unit
G1_22,Group 1,100.168,46,demo_measurement,unit
G1_22,Group 1,83.751,47,demo_measurement,unit
G1_22,Group 1,100.697,48,demo_measurement,unit
G1_22,Group 1,112.414,49,demo_measurement,unit
G1_22,Group 1,109.953,50,demo_measurement,unit
G1_23,Group 1,77.627,1,demo_measurement,unit
G1_23,Group 1,88.759,2,demo_measurement,unit
G1_23,Group 1,87.648,3,demo_measurement,unit
G1_23,Group 1,124.872,4,demo_measurement,unit
G1_23,Group 1,99.499,5,demo_measurement,unit
G1_23,Group 1,114.961,6,demo_measurement,unit
G1_23,Group 1,108.491,7,demo_measurement,unit
G1_23,Group 1,88.714,8,demo_measurement,unit
G1_23,Group 1,97.129,9,demo_measurement,unit
G1_23,Group 1,116.068,10,demo_measurement,unit
G1_23,Group 1,103.292,11,demo_measurement,unit
G1_23,Group 1,100.014,12,demo_measurement,unit
G1_23,Group 1,95.514,13,demo_measurement,unit
G1_23,Group 1,101.089,14,demo_measurement,unit
G1_23,Group 1,84.898,15,demo_measurement,unit
G1_23,Group 1,86.633,16,demo_measurement,unit
G1_23,Group 1,109.336,17,demo_measurement,unit
G1_23,Group 1,85.219,18,demo_measurement,unit
G1_23,Group 1,117.488,19,demo_measurement,unit
G1_23,Group 1,102.638,20,demo_measurement,unit
G1_23,Group 1,78.325,21,demo_measurement,unit
G1_23,Group 1,89.249,22,demo_measurement,unit
G1_23,Group 1,93.456,23,demo_measurement,unit
G1_23,Group 1,85.471,24,demo_measurement,unit
G1_23,Group 1,105.995,25,demo_measurement,unit
G1_23,Group 1,95.231,26,demo_measurement,unit
G1_23,Group 1,93.736,27,demo_measurement,unit
G1_23,Group 1,103.358,28,demo_measurement,unit
G1_23,Group 1,108.326,29,demo_measurement,unit
G1_23,Group 1,88.190,30,demo_measurement,unit
G1_23,Group 1,98.408,31,demo_measurement,unit
G1_23,Group 1,107.206,32,demo_measurement,unit
G1_23,Group 1,103.704,33,demo_measurement,unit
G1_23,Group 1,97.876,34,demo_measurement,unit
G1_23,Group 1,85.512,35,demo_measurement,unit
G1_23,Group 1,118.930,36,demo_measurement,unit
G1_23,Group 1,93.295,37,demo_measurement,unit
G1_23,Group 1,111.294,38,demo_measurement,unit
G1_23,Group 1,118.076,39,demo_measurement,unit
G1_23,Group 1,75.313,40,demo_measurement,unit
G1_23,Group 1,108.428,41,demo_measurement,unit
G1_23,Group 1,100.845,42,demo_measurement,unit
G1_23,Group 1,94.202,43,demo_measurement,unit
G1_23,Group 1,101.324,44,demo_measurement,unit
G1_23,Group 1,104.481,45,demo_measurement,unit
G1_23,Group 1,87.530,46,demo_measurement,unit
G1_23,Group 1,111.470,47,demo_measurement,unit
G1_23,Group 1,83.895,48,demo_measurement,unit
G1_23,Group 1,92.987,49,demo_measurement,unit
G1_23,Group 1,103.354,50,demo_measurement,unit
G1_24,Group 1,67.652,1,demo_measurement,unit
G1_24,Group 1,123.392,2,demo_measurement,unit
G1_24,Group 1,87.291,3,demo_measurement,unit
G1_24,Group 1,94.748,4,demo_measurement,unit
G1_24,Group 1,84.210,5,demo_measurement,unit
G1_24,Group 1,104.026,6,demo_measurement,unit
G1_24,Group 1,103.913,7,demo_measurement,unit
G1_24,Group 1,96.063,8,demo_measurement,unit
G1_24,Group 1,106.072,9,demo_measurement,unit
G1_24,Group 1,121.458,10,demo_measurement,unit
G1_24,Group 1,93.791,11,demo_measurement,unit
G1_24,Group 1,109.588,12,demo_measurement,unit
G1_24,Group 1,124.738,13,demo_measurement,unit
G1_24,Group 1,86.398,14,demo_measurement,unit
G1_24,Group 1,118.283,15,demo_measurement,unit
G1_24,Group 1,82.733,16,demo_measurement,unit
G1_24,Group 1,69.409,17,demo_measurement,unit
G1_24,Group 1,102.369,18,demo_measurement,unit
G1_24,Group 1,113.328,19,demo_measurement,unit
G1_24,Group 1,103.141,20,demo_measurement,unit
G1_24,Group 1,94.565,21,demo_measurement,unit
G1_24,Group 1,106.319,22,demo_measurement,unit
G1_24,Group 1,88.382,23,demo_measurement,unit
G1_24,Group 1,87.854,24,demo_measurement,unit
G1_24,Group 1,90.325,25,demo_measurement,unit
G1_24,Group 1,81.874,26,demo_measurement,unit
G1_24,Group 1,94.231,27,demo_measurement,unit
G1_24,Group 1,88.598,28,demo_measurement,unit
G1_24,Group 1,79.915,29,demo_measurement,unit
G1_24,Group 1,100.946,30,demo_measurement,unit
G1_24,Group 1,115.332,31,demo_measurement,unit
G1_24,Group 1,91.876,32,demo_measurement,unit
G1_24,Group 1,140.153,33,demo_measurement,unit
G1_24,Group 1,71.003,34,demo_measurement,unit
G1_24,Group 1,111.749,35,demo_measurement,unit
G1_24,Group 1,90.209,36,demo_measurement,unit
G1_24,Group 1,83.230,37,demo_measurement,unit
G1_24,Group 1,108.096,38,demo_measurement,unit
G1_24,Group 1,96.325,39,demo_measurement,unit
G1_24,Group 1,82.043,40,demo_measurement,unit
G1_24,Group 1,122.310,41,demo_measurement,unit
G1_24,Group 1,123.667,42,demo_measurement,unit
G1_24,Group 1,125.180,43,demo_measurement,unit
G1_24,Group 1,99.346,44,demo_measurement,unit
G1_24,Group 1,109.822,45,demo_measurement,unit
G1_24,Group 1,94.579,46,demo_measurement,unit
G1_24,Group 1,114.372,47,demo_measurement,unit
G1_24,Group 1,118.252,48,demo_measurement,unit
G1_24,Group 1,108.640,49,demo_measurement,unit
G1_24,Group 1,104.931,50,demo_measurement,unit
G1_25,Group 1,98.501,1,demo_measurement,unit
G1_25,Group 1,107.183,2,demo_measurement,unit
G1_25,Group 1,100.047,3,demo_measurement,unit
G1_25,Group 1,96.669,4,demo_measurement,unit
G1_25,Group 1,107.961,5,demo_measurement,unit
G1_25,Group 1,116.522,6,demo_measurement,unit
G1_25,Group 1,99.922,7,demo_measurement,unit
G1_25,Group 1,91.832,8,demo_measurement,unit
G1_25,Group 1,115.058,9,demo_measurement,unit
G1_25,Group 1,125.082,10,demo_measurement,unit
G1_25,Group 1,115.539,11,demo_measurement,unit
G1_25,Group 1,122.706,12,demo_measurement,unit
G1_25,Group 1,117.121,13,demo_measurement,unit
G1_25,Group 1,100.404,14,demo_measurement,unit
G1_25,Group 1,98.999,15,demo_measurement,unit
G1_25,Group 1,88.706,16,demo_measurement,unit
G1_25,Group 1,99.808,17,demo_measurement,unit
G1_25,Group 1,101.735,18,demo_measurement,unit
G1_25,Group 1,111.195,19,demo_measurement,unit
G1_25,Group 1,98.262,20,demo_measurement,unit
G1_25,Group 1,96.877,21,demo_measurement,unit
G1_25,Group 1,106.635,22,demo_measurement,unit
G1_25,Group 1,103.359,23,demo_measurement,unit
G1_25,Group 1,101.251,24,demo_measurement,unit
G1_25,Group 1,92.702,25,demo_measurement,unit
G1_25,Group 1,88.006,26,demo_measurement,unit
G1_25,Group 1,89.621,27,demo_measurement,unit
G1_25,Group 1,108.560,28,demo_measurement,unit
G1_25,Group 1,99.940,29,demo_measurement,unit
G1_25,Group 1,82.272,30,demo_measurement,unit
G1_25,Group 1,92.263,31,demo_measurement,unit
G1_25,Group 1,108.905,32,demo_measurement,unit
G1_25,Group 1,102.244,33,demo_measurement,unit
G1_25,Group 1,113.922,34,demo_measurement,unit
G1_25,Group 1,97.323,35,demo_measurement,unit
G1_25,Group 1,87.403,36,demo_measurement,unit
G1_25,Group 1,88.983,37,demo_measurement,unit
G1_25,Group 1,111.777,38,demo_measurement,unit
G1_25,Group 1,79.858,39,demo_measurement,unit
G1_25,Group 1,112.071,40,demo_measurement,unit
G1_25,Group 1,121.196,41,demo_measurement,unit
G1_25,Group 1,93.101,42,demo_measurement,unit
G1_25,Group 1,115.522,43,demo_measurement,unit
G1_25,Group 1,93.681,44,demo_measurement,unit
G1_25,Group 1,95.660,45,demo_measurement,unit
G1_25,Group 1,109.181,46,demo_measurement,unit
G1_25,Group 1,84.719,47,demo_measurement,unit
G1_25,Group 1,95.361,48,demo_measurement,unit
G1_25,Group 1,114.463,49,demo_measurement,unit
G1_25,Group 1,98.321,50,demo_measurement,unit
G1_26,Group 1,102.190,1,demo_measurement,unit
G1_26,Group 1,86.239,2,demo_measurement,unit
G1_26,Group 1,91.579,3,demo_measurement,unit
G1_26,Group 1,79.227,4,demo_measurement,unit
G1_26,Group 1,88.589,5,demo_measurement,unit
G1_26,Group 1,97.018,6,demo_measurement,unit
G1_26,Group 1,97.475,7,demo_measurement,unit
G1_26,Group 1,107.094,8,demo_measurement,unit
G1_26,Group 1,101.242,9,demo_measurement,unit
G1_26,Group 1,105.750,10,demo_measurement,unit
G1_26,Group 1,123.058,11,demo_measurement,unit
G1_26,Group 1,101.316,12,demo_measurement,unit
G1_26,Group 1,102.198,13,demo_measurement,unit
G1_26,Group 1,83.536,14,demo_measurement,unit
G1_26,Group 1,103.702,15,demo_measurement,unit
G1_26,Group 1,119.210,16,demo_measurement,unit
G1_26,Group 1,103.294,17,demo_measurement,unit
G1_26,Group 1,71.540,18,demo_measurement,unit
G1_26,Group 1,99.466,19,demo_measurement,unit
G1_26,Group 1,116.517,20,demo_measurement,unit
G1_26,Group 1,108.852,21,demo_measurement,unit
G1_26,Group 1,128.226,22,demo_measurement,unit
G1_26,Group 1,89.713,23,demo_measurement,unit
G1_26,Group 1,113.662,24,demo_measurement,unit
G1_26,Group 1,109.986,25,demo_measurement,unit
G1_26,Group 1,87.430,26,demo_measurement,unit
G1_26,Group 1,98.006,27,demo_measurement,unit
G1_26,Group 1,110.281,28,demo_measurement,unit
G1_26,Group 1,99.069,29,demo_measurement,unit
G1_26,Group 1,75.918,30,demo_measurement,unit
G1_26,Group 1,80.894,31,demo_measurement,unit
G1_26,Group 1,97.086,32,demo_measurement,unit
G1_26,Group 1,79.853,33,demo_measurement,unit
G1_26,Group 1,90.942,34,demo_measurement,unit
G1_26,Group 1,103.579,35,demo_measurement,unit
G1_26,Group 1,89.678,36,demo_measurement,unit
G1_26,Group 1,114.377,37,demo_measurement,unit
G1_26,Group 1,85.195,38,demo_measurement,unit
G1_26,Group 1,82.712,39,demo_measurement,unit
G1_26,Group 1,111.466,40,demo_measurement,unit
G1_26,Group 1,73.406,41,demo_measurement,unit
G1_26,Group 1,99.831,42,demo_measurement,unit
G1_26,Group 1,96.185,43,demo_measurement,unit
G1_26,Group 1,107.358,44,demo_measurement,unit
G1_26,Group 1,70.974,45,demo_measurement,unit
G1_26,Group 1,128.857,46,demo_measurement,unit
G1_26,Group 1,116.568,47,demo_measurement,unit
G1_26,Group 1,89.101,48,demo_measurement,unit
G1_26,Group 1,99.029,49,demo_measurement,unit
G1_26,Group 1,88.677,50,demo_measurement,unit
G1_27,Group 1,111.712,1,demo_measurement,unit
G1_27,Group 1,105.713,2,demo_measurement,unit
G1_27,Group 1,91.217,3,demo_measurement,unit
G1_27,Group 1,90.320,4,demo_measurement,unit
G1_27,Group 1,80.300,5,demo_measurement,unit
G1_27,Group 1,94.977,6,demo_measurement,unit
G1_27,Group 1,93.052,7,demo_measurement,unit
G1_27,Group 1,85.626,8,demo_measurement,unit
G1_27,Group 1,78.244,9,demo_measurement,unit
G1_27,Group 1,103.767,10,demo_measurement,unit
G1_27,Group 1,98.728,11,demo_measurement,unit
G1_27,Group 1,106.462,12,demo_measurement,unit
G1_27,Group 1,129.079,13,demo_measurement,unit
G1_27,Group 1,97.377,14,demo_measurement,unit
G1_27,Group 1,92.097,15,demo_measurement,unit
G1_27,Group 1,107.726,16,demo_measurement,unit
G1_27,Group 1,88.157,17,demo_measurement,unit
G1_27,Group 1,90.246,18,demo_measurement,unit
G1_27,Group 1,88.837,19,demo_measurement,unit
G1_27,Group 1,117.703,20,demo_measurement,unit
G1_27,Group 1,124.556,21,demo_measurement,unit
G1_27,Group 1,89.259,22,demo_measurement,unit
G1_27,Group 1,79.985,23,demo_measurement,unit
G1_27,Group 1,89.954,24,demo_measurement,unit
G1_27,Group 1,82.353,25,demo_measurement,unit
G1_27,Group 1,94.076,26,demo_measurement,unit
G1_27,Group 1,85.215,27,demo_measurement,unit
G1_27,Group 1,109.465,28,demo_measurement,unit
G1_27,Group 1,103.026,29,demo_measurement,unit
G1_27,Group 1,111.872,30,demo_measurement,unit
G1_27,Group 1,86.592,31,demo_measurement,unit
G1_27,Group 1,112.628,32,demo_measurement,unit
G1_27,Group 1,101.714,33,demo_measurement,unit
G1_27,Group 1,91.957,34,demo_measurement,unit
G1_27,Group 1,91.646,35,demo_measurement,unit
G1_27,Group 1,104.226,36,demo_measurement,unit
G1_27,Group 1,94.539,37,demo_measurement,unit
G1_27,Group 1,118.185,38,demo_measurement,unit
G1_27,Group 1,114.038,39,demo_measurement,unit
G1_27,Group 1,110.837,40,demo_measurement,unit
G1_27,Group 1,104.777,41,demo_measurement,unit
G1_27,Group 1,109.722,42,demo_measurement,unit
G1_27,Group 1,109.464,43,demo_measurement,unit
G1_27,Group 1,107.758,44,demo_measurement,unit
G1_27,Group 1,140.983,45,demo_measurement,unit
G1_27,Group 1,94.871,46,demo_measurement,unit
G1_27,Group 1,120.671,47,demo_measurement,unit
G1_27,Group 1,107.120,48,demo_measurement,unit
G1_27,Group 1,90.851,49,demo_measurement,unit
G1_27,Group 1,95.481,50,demo_measurement,unit
G1_28,Group 1,122.031,1,demo_measurement,unit
G1_28,Group 1,91.525,2,demo_measurement,unit
G1_28,Group 1,95.110,3,demo_measurement,unit
G1_28,Group 1,92.752,4,demo_measurement,unit
G1_28,Group 1,79.739,5,demo_measurement,unit
G1_28,Group 1,89.640,6,demo_measurement,unit
G1_28,Group 1,103.026,7,demo_measurement,unit
G1_28,Group 1,95.724,8,demo_measurement,unit
G1_28,Group 1,95.909,9,demo_measurement,unit
G1_28,Group 1,78.785,10,demo_measurement,unit
G1_28,Group 1,96.904,11,demo_measurement,unit
G1_28,Group 1,88.455,12,demo_measurement,unit
G1_28,Group 1,63.503,13,demo_measurement,unit
G1_28,Group 1,100.081,14,demo_measurement,unit
G1_28,Group 1,99.090,15,demo_measurement,unit
G1_28,Group 1,104.804,16,demo_measurement,unit
G1_28,Group 1,101.007,17,demo_measurement,unit
G1_28,Group 1,107.969,18,demo_measurement,unit
G1_28,Group 1,113.930,19,demo_measurement,unit
G1_28,Group 1,87.321,20,demo_measurement,unit
G1_28,Group 1,87.388,21,demo_measurement,unit
G1_28,Group 1,99.732,22,demo_measurement,unit
G1_28,Group 1,95.414,23,demo_measurement,unit
G1_28,Group 1,99.722,24,demo_measurement,unit
G1_28,Group 1,130.278,25,demo_measurement,unit
G1_28,Group 1,110.188,26,demo_measurement,unit
G1_28,Group 1,115.092,27,demo_measurement,unit
G1_28,Group 1,119.167,28,demo_measurement,unit
G1_28,Group 1,110.177,29,demo_measurement,unit
G1_28,Group 1,122.097,30,demo_measurement,unit
G1_28,Group 1,96.172,31,demo_measurement,unit
G1_28,Group 1,80.067,32,demo_measurement,unit
G1_28,Group 1,116.912,33,demo_measurement,unit
G1_28,Group 1,124.325,34,demo_measurement,unit
G1_28,Group 1,120.912,35,demo_measurement,unit
G1_28,Group 1,100.749,36,demo_measurement,unit
G1_28,Group 1,99.185,37,demo_measurement,unit
G1_28,Group 1,100.056,38,demo_measurement,unit
G1_28,Group 1,107.233,39,demo_measurement,unit
G1_28,Group 1,99.964,40,demo_measurement,unit
G1_28,Group 1,93.258,41,demo_measurement,unit
G1_28,Group 1,82.668,42,demo_measurement,unit
G1_28,Group 1,105.350,43,demo_measurement,unit
G1_28,Group 1,81.291,44,demo_measurement,unit
G1_28,Group 1,97.357,45,demo_measurement,unit
G1_28,Group 1,111.285,46,demo_measurement,unit
G1_28,Group 1,70.597,47,demo_measurement,unit
G1_28,Group 1,101.986,48,demo_measurement,unit
G1_28,Group 1,95.402,49,demo_measurement,unit
G1_28,Group 1,103.126,50,demo_measurement,unit
G1_29,Group 1,96.733,1,demo_measurement,unit
G1_29,Group 1,107.616,2,demo_measurement,unit
G1_29,Group 1,105.325,3,demo_measurement,unit
G1_29,Group 1,91.253,4,demo_measurement,unit
G1_29,Group 1,106.082,5,demo_measurement,unit
G1_29,Group 1,98.063,6,demo_measurement,unit
G1_29,Group 1,94.218,7,demo_measurement,unit
G1_29,Group 1,112.922,8,demo_measurement,unit
G1_29,Group 1,106.796,9,demo_measurement,unit
G1_29,Group 1,94.326,10,demo_measurement,unit
G1_29,Group 1,101.715,11,demo_measurement,unit
G1_29,Group 1,108.422,12,demo_measurement,unit
G1_29,Group 1,107.783,13,demo_measurement,unit
G1_29,Group 1,91.505,14,demo_measurement,unit
G1_29,Group 1,98.143,15,demo_measurement,unit
G1_29,Group 1,78.881,16,demo_measurement,unit
G1_29,Group 1,94.162,17,demo_measurement,unit
G1_29,Group 1,115.760,18,demo_measurement,unit
G1_29,Group 1,86.138,19,demo_measurement,unit
G1_29,Group 1,86.306,20,demo_measurement,unit
G1_29,Group 1,111.402,21,demo_measurement,unit
G1_29,Group 1,108.019,22,demo_measurement,unit
G1_29,Group 1,101.501,23,demo_measurement,unit
G1_29,Group 1,107.494,24,demo_measurement,unit
G1_29,Group 1,90.627,25,demo_measurement,unit
G1_29,Group 1,103.487,26,demo_measurement,unit
G1_29,Group 1,86.405,27,demo_measurement,unit
G1_29,Group 1,91.543,28,demo_measurement,unit
G1_29,Group 1,87.168,29,demo_measurement,unit
G1_29,Group 1,112.437,30,demo_measurement,unit
G1_29,Group 1,86.622,31,demo_measurement,unit
G1_29,Group 1,111.931,32,demo_measurement,unit
G1_29,Group 1,90.099,33,demo_measurement,unit
G1_29,Group 1,112.422,34,demo_measurement,unit
G1_29,Group 1,84.587,35,demo_measurement,unit
G1_29,Group 1,118.469,36,demo_measurement,unit
G1_29,Group 1,114.974,37,demo_measurement,unit
G1_29,Group 1,99.573,38,demo_measurement,unit
G1_29,Group 1,100.405,39,demo_measurement,unit
G1_29,Group 1,108.709,40,demo_measurement,unit
G1_29,Group 1,99.465,41,demo_measurement,unit
G1_29,Group 1,93.047,42,demo_measurement,unit
G1_29,Group 1,95.074,43,demo_measurement,unit
G1_29,Group 1,107.232,44,demo_measurement,unit
G1_29,Group 1,98.434,45,demo_measurement,unit
G1_29,Group 1,112.791,46,demo_measurement,unit
G1_29,Group 1,94.578,47,demo_measurement,unit
G1_29,Group 1,90.992,48,demo_measurement,unit
G1_29,Group 1,118.662,49,demo_measurement,unit
G1_29,Group 1,102.205,50,demo_measurement,unit
G1_30,Group 1,85.514,1,demo_measurement,unit
G1_30,Group 1,75.761,2,demo_measurement,unit
G1_30,Group 1,102.236,3,demo_measurement,unit
G1_30,Group 1,84.406,4,demo_measurement,unit
G1_30,Group 1,111.486,5,demo_measurement,unit
G1_30,Group 1,108.396,6,demo_measurement,unit
G1_30,Group 1,108.126,7,demo_measurement,unit
G1_30,Group 1,90.476,8,demo_measurement,unit
G1_30,Group 1,100.159,9,demo_measurement,unit
G1_30,Group 1,96.017,10,demo_measurement,unit
G1_30,Group 1,115.704,11,demo_measurement,unit
G1_30,Group 1,117.670,12,demo_measurement,unit
G1_30,Group 1,102.479,13,demo_measurement,unit
G1_30,Group 1,103.922,14,demo_measurement,unit
G1_30,Group 1,100.784,15,demo_measurement,unit
G1_30,Group 1,88.416,16,demo_measurement,unit
G1_30,Group 1,100.809,17,demo_measurement,unit
G1_30,Group 1,94.938,18,demo_measurement,unit
G1_30,Group 1,102.271,19,demo_measurement,unit
G1_30,Group 1,90.078,20,demo_measurement,unit
G1_30,Group 1,90.017,21,demo_measurement,unit
G1_30,Group 1,120.581,22,demo_measurement,unit
G1_30,Group 1,99.906,23,demo_measurement,unit
G1_30,Group 1,101.360,24,demo_measurement,unit
G1_30,Group 1,121.800,25,demo_measurement,unit
G1_30,Group 1,117.589,26,demo_measurement,unit
G1_30,Group 1,114.292,27,demo_measurement,unit
G1_30,Group 1,96.327,28,demo_measurement,unit
G1_30,Group 1,106.038,29,demo_measurement,unit
G1_30,Group 1,89.391,30,demo_measurement,unit
G1_30,Group 1,106.073,31,demo_measurement,unit
G1_30,Group 1,112.856,32,demo_measurement,unit
G1_30,Group 1,98.079,33,demo_measurement,unit
G1_30,Group 1,88.975,34,demo_measurement,unit
G1_30,Group 1,105.593,35,demo_measurement,unit
G1_30,Group 1,103.615,36,demo_measurement,unit
G1_30,Group 1,92.330,37,demo_measurement,unit
G1_30,Group 1,115.937,38,demo_measurement,unit
G1_30,Group 1,98.535,39,demo_measurement,unit
G1_30,Group 1,91.866,40,demo_measurement,unit
G1_30,Group 1,94.157,41,demo_measurement,unit
G1_30,Group 1,100.532,42,demo_measurement,unit
G1_30,Group 1,117.697,43,demo_measurement,unit
G1_30,Group 1,111.417,44,demo_measurement,unit
G1_30,Group 1,106.040,45,demo_measurement,unit
G1_30,Group 1,98.229,46,demo_measurement,unit
G1_30,Group 1,107.299,47,demo_measurement,unit
G1_30,Group 1,109.977,48,demo_measurement,unit
G1_30,Group 1,95.552,49,demo_measurement,unit
G1_30,Group 1,108.803,50,demo_measurement,unit
G2_01,Group 2,103.188,1,demo_measurement,unit
G2_01,Group 2,106.127,2,demo_measurement,unit
G2_01,Group 2,117.024,3,demo_measurement,unit
G2_01,Group 2,83.440,4,demo_measurement,unit
G2_01,Group 2,94.751,5,demo_measurement,unit
G2_01,Group 2,132.740,6,demo_measurement,unit
G2_01,Group 2,83.623,7,demo_measurement,unit
G2_01,Group 2,111.689,8,demo_measurement,unit
G2_01,Group 2,111.253,9,demo_measurement,unit
G2_01,Group 2,104.868,10,demo_measurement,unit
G2_01,Group 2,96.443,11,demo_measurement,unit
G2_01,Group 2,110.568,12,demo_measurement,unit
G2_01,Group 2,105.963,13,demo_measurement,unit
G2_01,Group 2,108.470,14,demo_measurement,unit
G2_01,Group 2,113.912,15,demo_measurement,unit
G2_01,Group 2,99.739,16,demo_measurement,unit
G2_01,Group 2,88.894,17,demo_measurement,unit
G2_01,Group 2,119.696,18,demo_measurement,unit
G2_01,Group 2,115.958,19,demo_measurement,unit
G2_01,Group 2,110.744,20,demo_measurement,unit
G2_01,Group 2,98.669,21,demo_measurement,unit
G2_01,Group 2,118.143,22,demo_measurement,unit
G2_01,Group 2,85.139,23,demo_measurement,unit
G2_01,Group 2,127.123,24,demo_measurement,unit
G2_01,Group 2,129.917,25,demo_measurement,unit
G2_01,Group 2,103.948,26,demo_measurement,unit
G2_01,Group 2,119.636,27,demo_measurement,unit
G2_01,Group 2,131.597,28,demo_measurement,unit
G2_01,Group 2,126.144,29,demo_measurement,unit
G2_01,Group 2,112.316,30,demo_measurement,unit
G2_01,Group 2,103.704,31,demo_measurement,unit
G2_01,Group 2,86.777,32,demo_measurement,unit
G2_01,Group 2,87.322,33,demo_measurement,unit
G2_01,Group 2,106.361,34,demo_measurement,unit
G2_01,Group 2,117.616,35,demo_measurement,unit
G2_01,Group 2,100.256,36,demo_measurement,unit
G2_01,Group 2,113.609,37,demo_measurement,unit
G2_01,Group 2,110.303,38,demo_measurement,unit
G2_01,Group 2,112.154,39,demo_measurement,unit
G2_01,Group 2,104.952,40,demo_measurement,unit
G2_01,Group 2,114.180,41,demo_measurement,unit
G2_01,Group 2,110.046,42,demo_measurement,unit
G2_01,Group 2,80.047,43,demo_measurement,unit
G2_01,Group 2,120.899,44,demo_measurement,unit
G2_01,Group 2,113.618,45,demo_measurement,unit
G2_01,Group 2,105.907,46,demo_measurement,unit
G2_01,Group 2,114.149,47,demo_measurement,unit
G2_01,Group 2,109.066,48,demo_measurement,unit
G2_01,Group 2,93.277,49,demo_measurement,unit
G2_01,Group 2,58.524,50,demo_measurement,unit
G2_02,Group 2,98.857,1,demo_measurement,unit
G2_02,Group 2,95.942,2,demo_measurement,unit
G2_02,Group 2,102.847,3,demo_measurement,unit
G2_02,Group 2,115.615,4,demo_measurement,unit
G2_02,Group 2,103.624,5,demo_measurement,unit
G2_02,Group 2,111.045,6,demo_measurement,unit
G2_02,Group 2,96.460,7,demo_measurement,unit
G2_02,Group 2,120.112,8,demo_measurement,unit
G2_02,Group 2,105.663,9,demo_measurement,unit
G2_02,Group 2,97.119,10,demo_measurement,unit
G2_02,Group 2,122.367,11,demo_measurement,unit
G2_02,Group 2,119.568,12,demo_measurement,unit
G2_02,Group 2,100.206,13,demo_measurement,unit
G2_02,Group 2,105.003,14,demo_measurement,unit
G2_02,Group 2,110.071,15,demo_measurement,unit
G2_02,Group 2,106.187,16,demo_measurement,unit
G2_02,Group 2,98.978,17,demo_measurement,unit
G2_02,Group 2,107.763,18,demo_measurement,unit
G2_02,Group 2,104.366,19,demo_measurement,unit
G2_02,Group 2,118.263,20,demo_measurement,unit
G2_02,Group 2,116.807,21,demo_measurement,unit
G2_02,Group 2,108.869,22,demo_measurement,unit
G2_02,Group 2,117.899,23,demo_measurement,unit
G2_02,Group 2,92.091,24,demo_measurement,unit
G2_02,Group 2,112.906,25,demo_measurement,unit
G2_02,Group 2,110.488,26,demo_measurement,unit
G2_02,Group 2,91.710,27,demo_measurement,unit
G2_02,Group 2,124.405,28,demo_measurement,unit
G2_02,Group 2,102.916,29,demo_measurement,unit
G2_02,Group 2,102.735,30,demo_measurement,unit
G2_02,Group 2,98.857,31,demo_measurement,unit
G2_02,Group 2,126.404,32,demo_measurement,unit
G2_02,Group 2,116.736,33,demo_measurement,unit
G2_02,Group 2,100.823,34,demo_measurement,unit
G2_02,Group 2,110.360,35,demo_measurement,unit
G2_02,Group 2,111.512,36,demo_measurement,unit
G2_02,Group 2,116.159,37,demo_measurement,unit
G2_02,Group 2,107.679,38,demo_measurement,unit
G2_02,Group 2,113.205,39,demo_measurement,unit
G2_02,Group 2,130.376,40,demo_measurement,unit
G2_02,Group 2,93.364,41,demo_measurement,unit
G2_02,Group 2,100.949,42,demo_measurement,unit
G2_02,Group 2,103.908,43,demo_measurement,unit
G2_02,Group 2,96.207,44,demo_measurement,unit
G2_02,Group 2,102.029,45,demo_measurement,unit
G2_02,Group 2,118.981,46,demo_measurement,unit
G2_02,Group 2,114.117,47,demo_measurement,unit
G2_02,Group 2,75.649,48,demo_measurement,unit
G2_02,Group 2,112.737,49,demo_measurement,unit
G2_02,Group 2,107.646,50,demo_measurement,unit
G2_03,Group 2,106.573,1,demo_measurement,unit
G2_03,Group 2,119.982,2,demo_measurement,unit
G2_03,Group 2,134.188,3,demo_measurement,unit
G2_03,Group 2,79.481,4,demo_measurement,unit
G2_03,Group 2,104.519,5,demo_measurement,unit
G2_03,Group 2,115.333,6,demo_measurement,unit
G2_03,Group 2,92.925,7,demo_measurement,unit
G2_03,Group 2,99.603,8,demo_measurement,unit
G2_03,Group 2,114.832,9,demo_measurement,unit
G2_03,Group 2,107.771,10,demo_measurement,unit
G2_03,Group 2,116.295,11,demo_measurement,unit
G2_03,Group 2,97.232,12,demo_measurement,unit
G2_03,Group 2,100.195,13,demo_measurement,unit
G2_03,Group 2,136.356,14,demo_measurement,unit
G2_03,Group 2,109.513,15,demo_measurement,unit
G2_03,Group 2,110.236,16,demo_measurement,unit
G2_03,Group 2,111.218,17,demo_measurement,unit
G2_03,Group 2,99.710,18,demo_measurement,unit
G2_03,Group 2,98.360,19,demo_measurement,unit
G2_03,Group 2,91.881,20,demo_measurement,unit
G2_03,Group 2,115.156,21,demo_measurement,unit
G2_03,Group 2,106.898,22,demo_measurement,unit
G2_03,Group 2,110.599,23,demo_measurement,unit
G2_03,Group 2,106.149,24,demo_measurement,unit
G2_03,Group 2,116.471,25,demo_measurement,unit
G2_03,Group 2,85.947,26,demo_measurement,unit
G2_03,Group 2,118.066,27,demo_measurement,unit
G2_03,Group 2,128.091,28,demo_measurement,unit
G2_03,Group 2,91.694,29,demo_measurement,unit
G2_03,Group 2,97.261,30,demo_measurement,unit
G2_03,Group 2,98.791,31,demo_measurement,unit
G2_03,Group 2,98.666,32,demo_measurement,unit
G2_03,Group 2,100.482,33,demo_measurement,unit
G2_03,Group 2,134.483,34,demo_measurement,unit
G2_03,Group 2,113.763,35,demo_measurement,unit
G2_03,Group 2,112.117,36,demo_measurement,unit
G2_03,Group 2,102.608,37,demo_measurement,unit
G2_03,Group 2,117.753,38,demo_measurement,unit
G2_03,Group 2,130.241,39,demo_measurement,unit
G2_03,Group 2,106.334,40,demo_measurement,unit
G2_03,Group 2,104.283,41,demo_measurement,unit
G2_03,Group 2,105.491,42,demo_measurement,unit
G2_03,Group 2,92.882,43,demo_measurement,unit
G2_03,Group 2,93.573,44,demo_measurement,unit
G2_03,Group 2,96.028,45,demo_measurement,unit
G2_03,Group 2,91.753,46,demo_measurement,unit
G2_03,Group 2,121.584,47,demo_measurement,unit
G2_03,Group 2,117.918,48,demo_measurement,unit
G2_03,Group 2,90.121,49,demo_measurement,unit
G2_03,Group 2,112.037,50,demo_measurement,unit
G2_04,Group 2,107.163,1,demo_measurement,unit
G2_04,Group 2,114.833,2,demo_measurement,unit
G2_04,Group 2,105.368,3,demo_measurement,unit
G2_04,Group 2,110.227,4,demo_measurement,unit
G2_04,Group 2,99.345,5,demo_measurement,unit
G2_04,Group 2,125.379,6,demo_measurement,unit
G2_04,Group 2,98.200,7,demo_measurement,unit
G2_04,Group 2,102.023,8,demo_measurement,unit
G2_04,Group 2,115.669,9,demo_measurement,unit
G2_04,Group 2,89.192,10,demo_measurement,unit
G2_04,Group 2,106.928,11,demo_measurement,unit
G2_04,Group 2,91.525,12,demo_measurement,unit
G2_04,Group 2,109.511,13,demo_measurement,unit
G2_04,Group 2,99.894,14,demo_measurement,unit
G2_04,Group 2,131.795,15,demo_measurement,unit
G2_04,Group 2,117.498,16,demo_measurement,unit
G2_04,Group 2,124.266,17,demo_measurement,unit
G2_04,Group 2,99.229,18,demo_measurement,unit
G2_04,Group 2,117.931,19,demo_measurement,unit
G2_04,Group 2,129.585,20,demo_measurement,unit
G2_04,Group 2,108.971,21,demo_measurement,unit
G2_04,Group 2,108.709,22,demo_measurement,unit
G2_04,Group 2,99.094,23,demo_measurement,unit
G2_04,Group 2,121.833,24,demo_measurement,unit
G2_04,Group 2,90.071,25,demo_measurement,unit
G2_04,Group 2,115.067,26,demo_measurement,unit
G2_04,Group 2,120.345,27,demo_measurement,unit
G2_04,Group 2,103.170,28,demo_measurement,unit
G2_04,Group 2,136.349,29,demo_measurement,unit
G2_04,Group 2,108.287,30,demo_measurement,unit
G2_04,Group 2,108.543,31,demo_measurement,unit
G2_04,Group 2,102.523,32,demo_measurement,unit
G2_04,Group 2,136.279,33,demo_measurement,unit
G2_04,Group 2,105.005,34,demo_measurement,unit
G2_04,Group 2,106.743,35,demo_measurement,unit
G2_04,Group 2,99.042,36,demo_measurement,unit
G2_04,Group 2,118.047,37,demo_measurement,unit
G2_04,Group 2,116.743,38,demo_measurement,unit
G2_04,Group 2,107.710,39,demo_measurement,unit
G2_04,Group 2,93.400,40,demo_measurement,unit
G2_04,Group 2,86.482,41,demo_measurement,unit
G2_04,Group 2,111.329,42,demo_measurement,unit
G2_04,Group 2,105.387,43,demo_measurement,unit
G2_04,Group 2,121.296,44,demo_measurement,unit
G2_04,Group 2,115.425,45,demo_measurement,unit
G2_04,Group 2,92.311,46,demo_measurement,unit
G2_04,Group 2,106.041,47,demo_measurement,unit
G2_04,Group 2,86.545,48,demo_measurement,unit
G2_04,Group 2,116.222,49,demo_measurement,unit
G2_04,Group 2,100.694,50,demo_measurement,unit
G2_05,Group 2,92.963,1,demo_measurement,unit
G2_05,Group 2,106.713,2,demo_measurement,unit
G2_05,Group 2,79.861,3,demo_measurement,unit
G2_05,Group 2,110.403,4,demo_measurement,unit
G2_05,Group 2,105.687,5,demo_measurement,unit
G2_05,Group 2,106.994,6,demo_measurement,unit
G2_05,Group 2,106.214,7,demo_measurement,unit
G2_05,Group 2,89.832,8,demo_measurement,unit
G2_05,Group 2,76.817,9,demo_measurement,unit
G2_05,Group 2,101.301,10,demo_measurement,unit
G2_05,Group 2,109.633,11,demo_measurement,unit
G2_05,Group 2,94.658,12,demo_measurement,unit
G2_05,Group 2,89.835,13,demo_measurement,unit
G2_05,Group 2,89.105,14,demo_measurement,unit
G2_05,Group 2,120.834,15,demo_measurement,unit
G2_05,Group 2,104.125,16,demo_measurement,unit
G2_05,Group 2,107.607,17,demo_measurement,unit
G2_05,Group 2,91.755,18,demo_measurement,unit
G2_05,Group 2,99.537,19,demo_measurement,unit
G2_05,Group 2,106.448,20,demo_measurement,unit
G2_05,Group 2,95.805,21,demo_measurement,unit
G2_05,Group 2,102.184,22,demo_measurement,unit
G2_05,Group 2,107.069,23,demo_measurement,unit
G2_05,Group 2,99.713,24,demo_measurement,unit
G2_05,Group 2,107.951,25,demo_measurement,unit
G2_05,Group 2,104.639,26,demo_measurement,unit
G2_05,Group 2,94.959,27,demo_measurement,unit
G2_05,Group 2,116.555,28,demo_measurement,unit
G2_05,Group 2,92.189,29,demo_measurement,unit
G2_05,Group 2,111.239,30,demo_measurement,unit
G2_05,Group 2,86.345,31,demo_measurement,unit
G2_05,Group 2,115.738,32,demo_measurement,unit
G2_05,Group 2,114.168,33,demo_measurement,unit
G2_05,Group 2,125.928,34,demo_measurement,unit
G2_05,Group 2,101.939,35,demo_measurement,unit
G2_05,Group 2,94.586,36,demo_measurement,unit
G2_05,Group 2,107.904,37,demo_measurement,unit
G2_05,Group 2,99.979,38,demo_measurement,unit
G2_05,Group 2,102.292,39,demo_measurement,unit
G2_05,Group 2,117.646,40,demo_measurement,unit
G2_05,Group 2,126.764,41,demo_measurement,unit
G2_05,Group 2,112.846,42,demo_measurement,unit
G2_05,Group 2,112.882,43,demo_measurement,unit
G2_05,Group 2,100.078,44,demo_measurement,unit
G2_05,Group 2,124.777,45,demo_measurement,unit
G2_05,Group 2,100.955,46,demo_measurement,unit
G2_05,Group 2,118.192,47,demo_measurement,unit
G2_05,Group 2,82.507,48,demo_measurement,unit
G2_05,Group 2,118.199,49,demo_measurement,unit
G2_05,Group 2,107.254,50,demo_measurement,unit
G2_06,Group 2,105.504,1,demo_measurement,unit
G2_06,Group 2,127.174,2,demo_measurement,unit
G2_06,Group 2,131.856,3,demo_measurement,unit
G2_06,Group 2,103.247,4,demo_measurement,unit
G2_06,Group 2,117.980,5,demo_measurement,unit
G2_06,Group 2,107.610,6,demo_measurement,unit
G2_06,Group 2,98.393,7,demo_measurement,unit
G2_06,Group 2,117.960,8,demo_measurement,unit
G2_06,Group 2,87.836,9,demo_measurement,unit
G2_06,Group 2,85.982,10,demo_measurement,unit
G2_06,Group 2,87.852,11,demo_measurement,unit
G2_06,Group 2,120.574,12,demo_measurement,unit
G2_06,Group 2,124.092,13,demo_measurement,unit
G2_06,Group 2,111.944,14,demo_measurement,unit
G2_06,Group 2,98.998,15,demo_measurement,unit
G2_06,Group 2,88.774,16,demo_measurement,unit
G2_06,Group 2,96.582,17,demo_measurement,unit
G2_06,Group 2,100.549,18,demo_measurement,unit
G2_06,Group 2,110.491,19,demo_measurement,unit
G2_06,Group 2,104.965,20,demo_measurement,unit
G2_06,Group 2,102.606,21,demo_measurement,unit
G2_06,Group 2,106.605,22,demo_measurement,unit
G2_06,Group 2,97.770,23,demo_measurement,unit
G2_06,Group 2,104.370,24,demo_measurement,unit
G2_06,Group 2,117.117,25,demo_measurement,unit
G2_06,Group 2,130.135,26,demo_measurement,unit
G2_06,Group 2,106.323,27,demo_measurement,unit
G2_06,Group 2,95.144,28,demo_measurement,unit
G2_06,Group 2,105.930,29,demo_measurement,unit
G2_06,Group 2,107.427,30,demo_measurement,unit
G2_06,Group 2,125.784,31,demo_measurement,unit
G2_06,Group 2,101.367,32,demo_measurement,unit
G2_06,Group 2,104.964,33,demo_measurement,unit
G2_06,Group 2,96.301,34,demo_measurement,unit
G2_06,Group 2,88.805,35,demo_measurement,unit
G2_06,Group 2,105.968,36,demo_measurement,unit
G2_06,Group 2,106.799,37,demo_measurement,unit
G2_06,Group 2,116.977,38,demo_measurement,unit
G2_06,Group 2,98.550,39,demo_measurement,unit
G2_06,Group 2,113.988,40,demo_measurement,unit
G2_06,Group 2,107.409,41,demo_measurement,unit
G2_06,Group 2,102.605,42,demo_measurement,unit
G2_06,Group 2,101.781,43,demo_measurement,unit
G2_06,Group 2,121.027,44,demo_measurement,unit
G2_06,Group 2,103.548,45,demo_measurement,unit
G2_06,Group 2,96.029,46,demo_measurement,unit
G2_06,Group 2,98.010,47,demo_measurement,unit
G2_06,Group 2,115.329,48,demo_measurement,unit
G2_06,Group 2,120.052,49,demo_measurement,unit
G2_06,Group 2,117.987,50,demo_measurement,unit
G2_07,Group 2,103.682,1,demo_measurement,unit
G2_07,Group 2,106.872,2,demo_measurement,unit
G2_07,Group 2,116.137,3,demo_measurement,unit
G2_07,Group 2,104.218,4,demo_measurement,unit
G2_07,Group 2,113.255,5,demo_measurement,unit
G2_07,Group 2,122.071,6,demo_measurement,unit
G2_07,Group 2,99.916,7,demo_measurement,unit
G2_07,Group 2,119.264,8,demo_measurement,unit
G2_07,Group 2,93.826,9,demo_measurement,unit
G2_07,Group 2,117.544,10,demo_measurement,unit
G2_07,Group 2,102.469,11,demo_measurement,unit
G2_07,Group 2,109.127,12,demo_measurement,unit
G2_07,Group 2,132.178,13,demo_measurement,unit
G2_07,Group 2,118.206,14,demo_measurement,unit
G2_07,Group 2,90.328,15,demo_measurement,unit
G2_07,Group 2,134.399,16,demo_measurement,unit
G2_07,Group 2,109.404,17,demo_measurement,unit
G2_07,Group 2,79.366,18,demo_measurement,unit
G2_07,Group 2,105.899,19,demo_measurement,unit
G2_07,Group 2,124.441,20,demo_measurement,unit
G2_07,Group 2,108.818,21,demo_measurement,unit
G2_07,Group 2,116.588,22,demo_measurement,unit
G2_07,Group 2,83.916,23,demo_measurement,unit
G2_07,Group 2,115.703,24,demo_measurement,unit
G2_07,Group 2,126.894,25,demo_measurement,unit
G2_07,Group 2,104.539,26,demo_measurement,unit
G2_07,Group 2,96.546,27,demo_measurement,unit
G2_07,Group 2,109.685,28,demo_measurement,unit
G2_07,Group 2,107.535,29,demo_measurement,unit
G2_07,Group 2,110.672,30,demo_measurement,unit
G2_07,Group 2,105.321,31,demo_measurement,unit
G2_07,Group 2,64.782,32,demo_measurement,unit
G2_07,Group 2,98.539,33,demo_measurement,unit
G2_07,Group 2,114.880,34,demo_measurement,unit
G2_07,Group 2,111.152,35,demo_measurement,unit
G2_07,Group 2,99.192,36,demo_measurement,unit
G2_07,Group 2,94.183,37,demo_measurement,unit
G2_07,Group 2,98.003,38,demo_measurement,unit
G2_07,Group 2,102.624,39,demo_measurement,unit
G2_07,Group 2,104.050,40,demo_measurement,unit
G2_07,Group 2,102.448,41,demo_measurement,unit
G2_07,Group 2,136.551,42,demo_measurement,unit
G2_07,Group 2,120.836,43,demo_measurement,unit
G2_07,Group 2,91.305,44,demo_measurement,unit
G2_07,Group 2,112.796,45,demo_measurement,unit
G2_07,Group 2,105.982,46,demo_measurement,unit
G2_07,Group 2,84.284,47,demo_measurement,unit
G2_07,Group 2,107.936,48,demo_measurement,unit
G2_07,Group 2,102.018,49,demo_measurement,unit
G2_07,Group 2,106.638,50,demo_measurement,unit
G2_08,Group 2,98.910,1,demo_measurement,unit
G2_08,Group 2,106.061,2,demo_measurement,unit
G2_08,Group 2,100.489,3,demo_measurement,unit
G2_08,Group 2,107.984,4,demo_measurement,unit
G2_08,Group 2,97.740,5,demo_measurement,unit
G2_08,Group 2,114.272,6,demo_measurement,unit
G2_08,Group 2,132.313,7,demo_measurement,unit
G2_08,Group 2,107.673,8,demo_measurement,unit
G2_08,Group 2,78.815,9,demo_measurement,unit
G2_08,Group 2,105.180,10,demo_measurement,unit
G2_08,Group 2,91.437,11,demo_measurement,unit
G2_08,Group 2,107.433,12,demo_measurement,unit
G2_08,Group 2,111.677,13,demo_measurement,unit
G2_08,Group 2,108.065,14,demo_measurement,unit
G2_08,Group 2,123.644,15,demo_measurement,unit
G2_08,Group 2,122.276,16,demo_measurement,unit
G2_08,Group 2,132.029,17,demo_measurement,unit
G2_08,Group 2,95.517,18,demo_measurement,unit
G2_08,Group 2,96.528,19,demo_measurement,unit
G2_08,Group 2,91.051,20,demo_measurement,unit
G2_08,Group 2,114.962,21,demo_measurement,unit
G2_08,Group 2,97.410,22,demo_measurement,unit
G2_08,Group 2,121.347,23,demo_measurement,unit
G2_08,Group 2,133.403,24,demo_measurement,unit
G2_08,Group 2,91.233,25,demo_measurement,unit
G2_08,Group 2,105.385,26,demo_measurement,unit
G2_08,Group 2,99.940,27,demo_measurement,unit
G2_08,Group 2,109.132,28,demo_measurement,unit
G2_08,Group 2,95.589,29,demo_measurement,unit
G2_08,Group 2,96.123,30,demo_measurement,unit
G2_08,Group 2,92.063,31,demo_measurement,unit
G2_08,Group 2,98.077,32,demo_measurement,unit
G2_08,Group 2,114.664,33,demo_measurement,unit
G2_08,Group 2,86.933,34,demo_measurement,unit
G2_08,Group 2,102.851,35,demo_measurement,unit
G2_08,Group 2,105.115,36,demo_measurement,unit
G2_08,Group 2,106.596,37,demo_measurement,unit
G2_08,Group 2,90.140,38,demo_measurement,unit
G2_08,Group 2,83.859,39,demo_measurement,unit
G2_08,Group 2,116.725,40,demo_measurement,unit
G2_08,Group 2,100.918,41,demo_measurement,unit
G2_08,Group 2,133.239,42,demo_measurement,unit
G2_08,Group 2,100.066,43,demo_measurement,unit
G2_08,Group 2,88.637,44,demo_measurement,unit
G2_08,Group 2,95.075,45,demo_measurement,unit
G2_08,Group 2,99.776,46,demo_measurement,unit
G2_08,Group 2,114.816,47,demo_measurement,unit
G2_08,Group 2,92.514,48,demo_measurement,unit
G2_08,Group 2,114.962,49,demo_measurement,unit
G2_08,Group 2,102.266,50,demo_measurement,unit
G2_09,Group 2,87.165,1,demo_measurement,unit
G2_09,Group 2,115.515,2,demo_measurement,unit
G2_09,Group 2,89.595,3,demo_measurement,unit
G2_09,Group 2,103.437,4,demo_measurement,unit
G2_09,Group 2,94.503,5,demo_measurement,unit
G2_09,Group 2,98.955,6,demo_measurement,unit
G2_09,Group 2,117.061,7,demo_measurement,unit
G2_09,Group 2,126.905,8,demo_measurement,unit
G2_09,Group 2,102.668,9,demo_measurement,unit
G2_09,Group 2,107.188,10,demo_measurement,unit
G2_09,Group 2,92.456,11,demo_measurement,unit
G2_09,Group 2,100.965,12,demo_measurement,unit
G2_09,Group 2,115.969,13,demo_measurement,unit
G2_09,Group 2,104.114,14,demo_measurement,unit
G2_09,Group 2,121.839,15,demo_measurement,unit
G2_09,Group 2,91.013,16,demo_measurement,unit
G2_09,Group 2,103.994,17,demo_measurement,unit
G2_09,Group 2,117.055,18,demo_measurement,unit
G2_09,Group 2,114.967,19,demo_measurement,unit
G2_09,Group 2,112.778,20,demo_measurement,unit
G2_09,Group 2,122.002,21,demo_measurement,unit
G2_09,Group 2,108.024,22,demo_measurement,unit
G2_09,Group 2,100.762,23,demo_measurement,unit
G2_09,Group 2,113.321,24,demo_measurement,unit
G2_09,Group 2,90.351,25,demo_measurement,unit
G2_09,Group 2,103.870,26,demo_measurement,unit
G2_09,Group 2,124.601,27,demo_measurement,unit
G2_09,Group 2,110.231,28,demo_measurement,unit
G2_09,Group 2,91.271,29,demo_measurement,unit
G2_09,Group 2,126.114,30,demo_measurement,unit
G2_09,Group 2,109.527,31,demo_measurement,unit
G2_09,Group 2,106.302,32,demo_measurement,unit
G2_09,Group 2,98.383,33,demo_measurement,unit
G2_09,Group 2,90.057,34,demo_measurement,unit
G2_09,Group 2,108.389,35,demo_measurement,unit
G2_09,Group 2,107.491,36,demo_measurement,unit
G2_09,Group 2,107.566,37,demo_measurement,unit
G2_09,Group 2,108.931,38,demo_measurement,unit
G2_09,Group 2,94.474,39,demo_measurement,unit
G2_09,Group 2,113.552,40,demo_measurement,unit
G2_09,Group 2,113.601,41,demo_measurement,unit
G2_09,Group 2,112.606,42,demo_measurement,unit
G2_09,Group 2,101.880,43,demo_measurement,unit
G2_09,Group 2,128.570,44,demo_measurement,unit
G2_09,Group 2,133.887,45,demo_measurement,unit
G2_09,Group 2,120.573,46,demo_measurement,unit
G2_09,Group 2,113.805,47,demo_measurement,unit
G2_09,Group 2,119.623,48,demo_measurement,unit
G2_09,Group 2,108.661,49,demo_measurement,unit
G2_09,Group 2,117.834,50,demo_measurement,unit
G2_10,Group 2,106.533,1,demo_measurement,unit
G2_10,Group 2,106.312,2,demo_measurement,unit
G2_10,Group 2,93.500,3,demo_measurement,unit
G2_10,Group 2,102.416,4,demo_measurement,unit
G2_10,Group 2,116.046,5,demo_measurement,unit
G2_10,Group 2,85.581,6,demo_measurement,unit
G2_10,Group 2,110.137,7,demo_measurement,unit
G2_10,Group 2,140.217,8,demo_measurement,unit
G2_10,Group 2,108.023,9,demo_measurement,unit
G2_10,Group 2,102.818,10,demo_measurement,unit
G2_10,Group 2,113.004,11,demo_measurement,unit
G2_10,Group 2,101.720,12,demo_measurement,unit
G2_10,Group 2,87.777,13,demo_measurement,unit
G2_10,Group 2,95.540,14,demo_measurement,unit
G2_10,Group 2,115.685,15,demo_measurement,unit
G2_10,Group 2,111.702,16,demo_measurement,unit
G2_10,Group 2,102.941,17,demo_measurement,unit
G2_10,Group 2,93.096,18,demo_measurement,unit
G2_10,Group 2,95.788,19,demo_measurement,unit
G2_10,Group 2,86.560,20,demo_measurement,unit
G2_10,Group 2,109.984,21,demo_measurement,unit
G2_10,Group 2,129.037,22,demo_measurement,unit
G2_10,Group 2,109.128,23,demo_measurement,unit
G2_10,Group 2,100.006,24,demo_measurement,unit
G2_10,Group 2,95.779,25,demo_measurement,unit
G2_10,Group 2,110.704,26,demo_measurement,unit
G2_10,Group 2,107.180,27,demo_measurement,unit
G2_10,Group 2,92.671,28,demo_measurement,unit
G2_10,Group 2,94.590,29,demo_measurement,unit
G2_10,Group 2,101.664,30,demo_measurement,unit
G2_10,Group 2,106.806,31,demo_measurement,unit
G2_10,Group 2,96.086,32,demo_measurement,unit
G2_10,Group 2,94.858,33,demo_measurement,unit
G2_10,Group 2,133.061,34,demo_measurement,unit
G2_10,Group 2,117.165,35,demo_measurement,unit
G2_10,Group 2,123.139,36,demo_measurement,unit
G2_10,Group 2,112.006,37,demo_measurement,unit
G2_10,Group 2,92.435,38,demo_measurement,unit
G2_10,Group 2,137.660,39,demo_measurement,unit
G2_10,Group 2,106.431,40,demo_measurement,unit
G2_10,Group 2,96.091,41,demo_measurement,unit
G2_10,Group 2,90.532,42,demo_measurement,unit
G2_10,Group 2,99.893,43,demo_measurement,unit
G2_10,Group 2,108.788,44,demo_measurement,unit
G2_10,Group 2,112.231,45,demo_measurement,unit
G2_10,Group 2,121.631,46,demo_measurement,unit
G2_10,Group 2,80.572,47,demo_measurement,unit
G2_10,Group 2,91.988,48,demo_measurement,unit
G2_10,Group 2,110.602,49,demo_measurement,unit
G2_10,Group 2,107.726,50,demo_measurement,unit
G2_11,Group 2,111.634,1,demo_measurement,unit
G2_11,Group 2,113.651,2,demo_measurement,unit
G2_11,Group 2,110.730,3,demo_measurement,unit
G2_11,Group 2,100.194,4,demo_measurement,unit
G2_11,Group 2,111.261,5,demo_measurement,unit
G2_11,Group 2,114.989,6,demo_measurement,unit
G2_11,Group 2,108.444,7,demo_measurement,unit
G2_11,Group 2,77.485,8,demo_measurement,unit
G2_11,Group 2,126.626,9,demo_measurement,unit
G2_11,Group 2,94.246,10,demo_measurement,unit
G2_11,Group 2,121.274,11,demo_measurement,unit
G2_11,Group 2,103.246,12,demo_measurement,unit
G2_11,Group 2,92.758,13,demo_measurement,unit
G2_11,Group 2,109.554,14,demo_measurement,unit
G2_11,Group 2,92.826,15,demo_measurement,unit
G2_11,Group 2,123.329,16,demo_measurement,unit
G2_11,Group 2,89.850,17,demo_measurement,unit
G2_11,Group 2,102.349,18,demo_measurement,unit
G2_11,Group 2,105.554,19,demo_measurement,unit
G2_11,Group 2,113.702,20,demo_measurement,unit
G2_11,Group 2,104.645,21,demo_measurement,unit
G2_11,Group 2,109.522,22,demo_measurement,unit
G2_11,Group 2,111.454,23,demo_measurement,unit
G2_11,Group 2,87.178,24,demo_measurement,unit
G2_11,Group 2,107.373,25,demo_measurement,unit
G2_11,Group 2,121.631,26,demo_measurement,unit
G2_11,Group 2,98.192,27,demo_measurement,unit
G2_11,Group 2,74.095,28,demo_measurement,unit
G2_11,Group 2,114.359,29,demo_measurement,unit
G2_11,Group 2,96.078,30,demo_measurement,unit
G2_11,Group 2,101.338,31,demo_measurement,unit
G2_11,Group 2,105.081,32,demo_measurement,unit
G2_11,Group 2,109.344,33,demo_measurement,unit
G2_11,Group 2,103.035,34,demo_measurement,unit
G2_11,Group 2,121.142,35,demo_measurement,unit
G2_11,Group 2,125.538,36,demo_measurement,unit
G2_11,Group 2,97.465,37,demo_measurement,unit
G2_11,Group 2,114.586,38,demo_measurement,unit
G2_11,Group 2,105.702,39,demo_measurement,unit
G2_11,Group 2,109.684,40,demo_measurement,unit
G2_11,Group 2,109.451,41,demo_measurement,unit
G2_11,Group 2,100.652,42,demo_measurement,unit
G2_11,Group 2,93.696,43,demo_measurement,unit
G2_11,Group 2,98.892,44,demo_measurement,unit
G2_11,Group 2,103.658,45,demo_measurement,unit
G2_11,Group 2,93.991,46,demo_measurement,unit
G2_11,Group 2,117.473,47,demo_measurement,unit
G2_11,Group 2,104.898,48,demo_measurement,unit
G2_11,Group 2,92.703,49,demo_measurement,unit
G2_11,Group 2,118.571,50,demo_measurement,unit
G2_12,Group 2,113.496,1,demo_measurement,unit
G2_12,Group 2,91.137,2,demo_measurement,unit
G2_12,Group 2,100.963,3,demo_measurement,unit
G2_12,Group 2,107.340,4,demo_measurement,unit
G2_12,Group 2,96.678,5,demo_measurement,unit
G2_12,Group 2,89.853,6,demo_measurement,unit
G2_12,Group 2,111.882,7,demo_measurement,unit
G2_12,Group 2,111.868,8,demo_measurement,unit
G2_12,Group 2,106.275,9,demo_measurement,unit
G2_12,Group 2,136.341,10,demo_measurement,unit
G2_12,Group 2,79.228,11,demo_measurement,unit
G2_12,Group 2,100.592,12,demo_measurement,unit
G2_12,Group 2,107.667,13,demo_measurement,unit
G2_12,Group 2,106.636,14,demo_measurement,unit
G2_12,Group 2,101.309,15,demo_measurement,unit
G2_12,Group 2,118.475,16,demo_measurement,unit
G2_12,Group 2,109.002,17,demo_measurement,unit
G2_12,Group 2,102.846,18,demo_measurement,unit
G2_12,Group 2,98.663,19,demo_measurement,unit
G2_12,Group 2,118.161,20,demo_measurement,unit
G2_12,Group 2,123.765,21,demo_measurement,unit
G2_12,Group 2,128.603,22,demo_measurement,unit
G2_12,Group 2,102.281,23,demo_measurement,unit
G2_12,Group 2,99.386,24,demo_measurement,unit
G2_12,Group 2,110.363,25,demo_measurement,unit
G2_12,Group 2,117.290,26,demo_measurement,unit
G2_12,Group 2,105.475,27,demo_measurement,unit
G2_12,Group 2,87.113,28,demo_measurement,unit
G2_12,Group 2,114.735,29,demo_measurement,unit
G2_12,Group 2,94.465,30,demo_measurement,unit
G2_12,Group 2,99.661,31,demo_measurement,unit
G2_12,Group 2,104.132,32,demo_measurement,unit
G2_12,Group 2,127.594,33,demo_measurement,unit
G2_12,Group 2,79.230,34,demo_measurement,unit
G2_12,Group 2,101.672,35,demo_measurement,unit
G2_12,Group 2,106.919,36,demo_measurement,unit
G2_12,Group 2,94.810,37,demo_measurement,unit
G2_12,Group 2,112.057,38,demo_measurement,unit
G2_12,Group 2,112.416,39,demo_measurement,unit
G2_12,Group 2,113.440,40,demo_measurement,unit
G2_12,Group 2,102.496,41,demo_measurement,unit
G2_12,Group 2,114.357,42,demo_measurement,unit
G2_12,Group 2,119.492,43,demo_measurement,unit
G2_12,Group 2,107.066,44,demo_measurement,unit
G2_12,Group 2,111.274,45,demo_measurement,unit
G2_12,Group 2,108.424,46,demo_measurement,unit
G2_12,Group 2,100.013,47,demo_measurement,unit
G2_12,Group 2,115.210,48,demo_measurement,unit
G2_12,Group 2,106.016,49,demo_measurement,unit
G2_12,Group 2,115.907,50,demo_measurement,unit
G2_13,Group 2,119.227,1,demo_measurement,unit
G2_13,Group 2,124.784,2,demo_measurement,unit
G2_13,Group 2,104.939,3,demo_measurement,unit
G2_13,Group 2,107.985,4,demo_measurement,unit
G2_13,Group 2,105.202,5,demo_measurement,unit
G2_13,Group 2,123.748,6,demo_measurement,unit
G2_13,Group 2,117.752,7,demo_measurement,unit
G2_13,Group 2,137.810,8,demo_measurement,unit
G2_13,Group 2,116.725,9,demo_measurement,unit
G2_13,Group 2,116.005,10,demo_measurement,unit
G2_13,Group 2,108.576,11,demo_measurement,unit
G2_13,Group 2,104.281,12,demo_measurement,unit
G2_13,Group 2,97.189,13,demo_measurement,unit
G2_13,Group 2,117.652,14,demo_measurement,unit
G2_13,Group 2,103.658,15,demo_measurement,unit
G2_13,Group 2,87.534,16,demo_measurement,unit
G2_13,Group 2,107.430,17,demo_measurement,unit
G2_13,Group 2,100.985,18,demo_measurement,unit
G2_13,Group 2,120.397,19,demo_measurement,unit
G2_13,Group 2,100.808,20,demo_measurement,unit
G2_13,Group 2,109.682,21,demo_measurement,unit
G2_13,Group 2,93.943,22,demo_measurement,unit
G2_13,Group 2,121.361,23,demo_measurement,unit
G2_13,Group 2,104.425,24,demo_measurement,unit
G2_13,Group 2,125.917,25,demo_measurement,unit
G2_13,Group 2,83.924,26,demo_measurement,unit
G2_13,Group 2,98.138,27,demo_measurement,unit
G2_13,Group 2,137.686,28,demo_measurement,unit
G2_13,Group 2,109.528,29,demo_measurement,unit
G2_13,Group 2,88.281,30,demo_measurement,unit
G2_13,Group 2,105.542,31,demo_measurement,unit
G2_13,Group 2,117.591,32,demo_measurement,unit
G2_13,Group 2,107.830,33,demo_measurement,unit
G2_13,Group 2,120.317,34,demo_measurement,unit
G2_13,Group 2,85.068,35,demo_measurement,unit
G2_13,Group 2,104.433,36,demo_measurement,unit
G2_13,Group 2,108.907,37,demo_measurement,unit
G2_13,Group 2,98.616,38,demo_measurement,unit
G2_13,Group 2,92.966,39,demo_measurement,unit
G2_13,Group 2,111.674,40,demo_measurement,unit
G2_13,Group 2,127.042,41,demo_measurement,unit
G2_13,Group 2,122.692,42,demo_measurement,unit
G2_13,Group 2,101.919,43,demo_measurement,unit
G2_13,Group 2,123.153,44,demo_measurement,unit
G2_13,Group 2,108.289,45,demo_measurement,unit
G2_13,Group 2,108.300,46,demo_measurement,unit
G2_13,Group 2,120.856,47,demo_measurement,unit
G2_13,Group 2,123.057,48,demo_measurement,unit
G2_13,Group 2,113.110,49,demo_measurement,unit
G2_13,Group 2,108.686,50,demo_measurement,unit
G2_14,Group 2,105.260,1,demo_measurement,unit
G2_14,Group 2,105.630,2,demo_measurement,unit
G2_14,Group 2,132.504,3,demo_measurement,unit
G2_14,Group 2,103.361,4,demo_measurement,unit
G2_14,Group 2,107.419,5,demo_measurement,unit
G2_14,Group 2,116.296,6,demo_measurement,unit
G2_14,Group 2,114.655,7,demo_measurement,unit
G2_14,Group 2,118.781,8,demo_measurement,unit
G2_14,Group 2,102.913,9,demo_measurement,unit
G2_14,Group 2,91.169,10,demo_measurement,unit
G2_14,Group 2,127.220,11,demo_measurement,unit
G2_14,Group 2,112.499,12,demo_measurement,unit
G2_14,Group 2,118.672,13,demo_measurement,unit
G2_14,Group 2,109.457,14,demo_measurement,unit
G2_14,Group 2,100.844,15,demo_measurement,unit
G2_14,Group 2,109.914,16,demo_measurement,unit
G2_14,Group 2,105.860,17,demo_measurement,unit
G2_14,Group 2,114.453,18,demo_measurement,unit
G2_14,Group 2,96.364,19,demo_measurement,unit
G2_14,Group 2,101.868,20,demo_measurement,unit
G2_14,Group 2,111.315,21,demo_measurement,unit
G2_14,Group 2,101.823,22,demo_measurement,unit
G2_14,Group 2,96.354,23,demo_measurement,unit
G2_14,Group 2,96.119,24,demo_measurement,unit
G2_14,Group 2,111.059,25,demo_measurement,unit
G2_14,Group 2,94.591,26,demo_measurement,unit
G2_14,Group 2,100.912,27,demo_measurement,unit
G2_14,Group 2,91.276,28,demo_measurement,unit
G2_14,Group 2,118.459,29,demo_measurement,unit
G2_14,Group 2,82.879,30,demo_measurement,unit
G2_14,Group 2,82.911,31,demo_measurement,unit
G2_14,Group 2,99.143,32,demo_measurement,unit
G2_14,Group 2,98.441,33,demo_measurement,unit
G2_14,Group 2,99.495,34,demo_measurement,unit
G2_14,Group 2,107.576,35,demo_measurement,unit
G2_14,Group 2,113.847,36,demo_measurement,unit
G2_14,Group 2,92.295,37,demo_measurement,unit
G2_14,Group 2,109.300,38,demo_measurement,unit
G2_14,Group 2,126.117,39,demo_measurement,unit
G2_14,Group 2,118.442,40,demo_measurement,unit
G2_14,Group 2,91.005,41,demo_measurement,unit
G2_14,Group 2,105.144,42,demo_measurement,unit
G2_14,Group 2,115.296,43,demo_measurement,unit
G2_14,Group 2,116.548,44,demo_measurement,unit
G2_14,Group 2,108.420,45,demo_measurement,unit
G2_14,Group 2,124.266,46,demo_measurement,unit
G2_14,Group 2,99.282,47,demo_measurement,unit
G2_14,Group 2,101.238,48,demo_measurement,unit
G2_14,Group 2,130.281,49,demo_measurement,unit
G2_14,Group 2,122.886,50,demo_measurement,unit
G2_15,Group 2,95.558,1,demo_measurement,unit
G2_15,Group 2,111.449,2,demo_measurement,unit
G2_15,Group 2,107.142,3,demo_measurement,unit
G2_15,Group 2,89.622,4,demo_measurement,unit
G2_15,Group 2,109.575,5,demo_measurement,unit
G2_15,Group 2,105.858,6,demo_measurement,unit
G2_15,Group 2,103.367,7,demo_measurement,unit
G2_15,Group 2,103.347,8,demo_measurement,unit
G2_15,Group 2,100.374,9,demo_measurement,unit
G2_15,Group 2,99.879,10,demo_measurement,unit
G2_15,Group 2,120.644,11,demo_measurement,unit
G2_15,Group 2,107.908,12,demo_measurement,unit
G2_15,Group 2,98.254,13,demo_measurement,unit
G2_15,Group 2,91.654,14,demo_measurement,unit
G2_15,Group 2,124.455,15,demo_measurement,unit
G2_15,Group 2,110.927,16,demo_measurement,unit
G2_15,Group 2,109.721,17,demo_measurement,unit
G2_15,Group 2,116.917,18,demo_measurement,unit
G2_15,Group 2,106.842,19,demo_measurement,unit
G2_15,Group 2,98.323,20,demo_measurement,unit
G2_15,Group 2,100.926,21,demo_measurement,unit
G2_15,Group 2,132.309,22,demo_measurement,unit
G2_15,Group 2,96.010,23,demo_measurement,unit
G2_15,Group 2,112.626,24,demo_measurement,unit
G2_15,Group 2,109.313,25,demo_measurement,unit
G2_15,Group 2,115.033,26,demo_measurement,unit
G2_15,Group 2,112.970,27,demo_measurement,unit
G2_15,Group 2,128.269,28,demo_measurement,unit
G2_15,Group 2,120.018,29,demo_measurement,unit
G2_15,Group 2,104.726,30,demo_measurement,unit
G2_15,Group 2,124.237,31,demo_measurement,unit
G2_15,Group 2,86.247,32,demo_measurement,unit
G2_15,Group 2,121.028,33,demo_measurement,unit
G2_15,Group 2,108.738,34,demo_measurement,unit
G2_15,Group 2,102.254,35,demo_measurement,unit
G2_15,Group 2,88.085,36,demo_measurement,unit
G2_15,Group 2,107.167,37,demo_measurement,unit
G2_15,Group 2,98.462,38,demo_measurement,unit
G2_15,Group 2,96.966,39,demo_measurement,unit
G2_15,Group 2,116.636,40,demo_measurement,unit
G2_15,Group 2,117.439,41,demo_measurement,unit
G2_15,Group 2,103.933,42,demo_measurement,unit
G2_15,Group 2,99.441,43,demo_measurement,unit
G2_15,Group 2,124.765,44,demo_measurement,unit
G2_15,Group 2,113.063,45,demo_measurement,unit
G2_15,Group 2,120.362,46,demo_measurement,unit
G2_15,Group 2,118.730,47,demo_measurement,unit
G2_15,Group 2,91.277,48,demo_measurement,unit
G2_15,Group 2,103.933,49,demo_measurement,unit
G2_15,Group 2,87.748,50,demo_measurement,unit
G2_16,Group 2,94.807,1,demo_measurement,unit
G2_16,Group 2,98.201,2,demo_measurement,unit
G2_16,Group 2,88.497,3,demo_measurement,unit
G2_16,Group 2,102.751,4,demo_measurement,unit
G2_16,Group 2,107.600,5,demo_measurement,unit
G2_16,Group 2,101.060,6,demo_measurement,unit
G2_16,Group 2,114.726,7,demo_measurement,unit
G2_16,Group 2,116.143,8,demo_measurement,unit
G2_16,Group 2,109.422,9,demo_measurement,unit
G2_16,Group 2,111.617,10,demo_measurement,unit
G2_16,Group 2,109.674,11,demo_measurement,unit
G2_16,Group 2,112.546,12,demo_measurement,unit
G2_16,Group 2,106.357,13,demo_measurement,unit
G2_16,Group 2,109.119,14,demo_measurement,unit
G2_16,Group 2,98.245,15,demo_measurement,unit
G2_16,Group 2,119.503,16,demo_measurement,unit
G2_16,Group 2,114.466,17,demo_measurement,unit
G2_16,Group 2,118.072,18,demo_measurement,unit
G2_16,Group 2,145.058,19,demo_measurement,unit
G2_16,Group 2,123.245,20,demo_measurement,unit
G2_16,Group 2,117.419,21,demo_measurement,unit
G2_16,Group 2,121.855,22,demo_measurement,unit
G2_16,Group 2,109.176,23,demo_measurement,unit
G2_16,Group 2,106.287,24,demo_measurement,unit
G2_16,Group 2,101.607,25,demo_measurement,unit
G2_16,Group 2,104.906,26,demo_measurement,unit
G2_16,Group 2,130.201,27,demo_measurement,unit
G2_16,Group 2,130.380,28,demo_measurement,unit
G2_16,Group 2,118.061,29,demo_measurement,unit
G2_16,Group 2,118.031,30,demo_measurement,unit
G2_16,Group 2,101.810,31,demo_measurement,unit
G2_16,Group 2,120.961,32,demo_measurement,unit
G2_16,Group 2,105.214,33,demo_measurement,unit
G2_16,Group 2,101.809,34,demo_measurement,unit
G2_16,Group 2,110.527,35,demo_measurement,unit
G2_16,Group 2,106.896,36,demo_measurement,unit
G2_16,Group 2,130.127,37,demo_measurement,unit
G2_16,Group 2,118.343,38,demo_measurement,unit
G2_16,Group 2,92.975,39,demo_measurement,unit
G2_16,Group 2,113.901,40,demo_measurement,unit
G2_16,Group 2,97.719,41,demo_measurement,unit
G2_16,Group 2,109.065,42,demo_measurement,unit
G2_16,Group 2,106.113,43,demo_measurement,unit
G2_16,Group 2,116.154,44,demo_measurement,unit
G2_16,Group 2,117.060,45,demo_measurement,unit
G2_16,Group 2,120.119,46,demo_measurement,unit
G2_16,Group 2,106.627,47,demo_measurement,unit
G2_16,Group 2,82.899,48,demo_measurement,unit
G2_16,Group 2,91.947,49,demo_measurement,unit
G2_16,Group 2,103.152,50,demo_measurement,unit
G2_17,Group 2,88.888,1,demo_measurement,unit
G2_17,Group 2,116.425,2,demo_measurement,unit
G2_17,Group 2,98.185,3,demo_measurement,unit
G2_17,Group 2,85.717,4,demo_measurement,unit
G2_17,Group 2,121.941,5,demo_measurement,unit
G2_17,Group 2,79.435,6,demo_measurement,unit
G2_17,Group 2,132.439,7,demo_measurement,unit
G2_17,Group 2,112.122,8,demo_measurement,unit
G2_17,Group 2,85.059,9,demo_measurement,unit
G2_17,Group 2,103.837,10,demo_measurement,unit
G2_17,Group 2,98.639,11,demo_measurement,unit
G2_17,Group 2,125.188,12,demo_measurement,unit
G2_17,Group 2,118.017,13,demo_measurement,unit
G2_17,Group 2,99.146,14,demo_measurement,unit
G2_17,Group 2,99.882,15,demo_measurement,unit
G2_17,Group 2,92.883,16,demo_measurement,unit
G2_17,Group 2,102.355,17,demo_measurement,unit
G2_17,Group 2,105.035,18,demo_measurement,unit
G2_17,Group 2,113.071,19,demo_measurement,unit
G2_17,Group 2,134.995,20,demo_measurement,unit
G2_17,Group 2,122.609,21,demo_measurement,unit
G2_17,Group 2,97.955,22,demo_measurement,unit
G2_17,Group 2,114.389,23,demo_measurement,unit
G2_17,Group 2,109.290,24,demo_measurement,unit
G2_17,Group 2,93.826,25,demo_measurement,unit
G2_17,Group 2,114.984,26,demo_measurement,unit
G2_17,Group 2,117.959,27,demo_measurement,unit
G2_17,Group 2,105.534,28,demo_measurement,unit
G2_17,Group 2,105.824,29,demo_measurement,unit
G2_17,Group 2,117.901,30,demo_measurement,unit
G2_17,Group 2,119.189,31,demo_measurement,unit
G2_17,Group 2,97.496,32,demo_measurement,unit
G2_17,Group 2,97.261,33,demo_measurement,unit
G2_17,Group 2,108.900,34,demo_measurement,unit
G2_17,Group 2,108.216,35,demo_measurement,unit
G2_17,Group 2,107.752,36,demo_measurement,unit
G2_17,Group 2,125.249,37,demo_measurement,unit
G2_17,Group 2,82.709,38,demo_measurement,unit
G2_17,Group 2,103.211,39,demo_measurement,unit
G2_17,Group 2,106.887,40,demo_measurement,unit
G2_17,Group 2,97.352,41,demo_measurement,unit
G2_17,Group 2,96.526,42,demo_measurement,unit
G2_17,Group 2,106.412,43,demo_measurement,unit
G2_17,Group 2,111.599,44,demo_measurement,unit
G2_17,Group 2,114.852,45,demo_measurement,unit
G2_17,Group 2,105.847,46,demo_measurement,unit
G2_17,Group 2,112.085,47,demo_measurement,unit
G2_17,Group 2,92.322,48,demo_measurement,unit
G2_17,Group 2,111.731,49,demo_measurement,unit
G2_17,Group 2,96.819,50,demo_measurement,unit
G2_18,Group 2,116.567,1,demo_measurement,unit
G2_18,Group 2,109.446,2,demo_measurement,unit
G2_18,Group 2,116.784,3,demo_measurement,unit
G2_18,Group 2,106.805,4,demo_measurement,unit
G2_18,Group 2,107.385,5,demo_measurement,unit
G2_18,Group 2,111.398,6,demo_measurement,unit
G2_18,Group 2,116.196,7,demo_measurement,unit
G2_18,Group 2,119.285,8,demo_measurement,unit
G2_18,Group 2,99.794,9,demo_measurement,unit
G2_18,Group 2,102.760,10,demo_measurement,unit
G2_18,Group 2,118.263,11,demo_measurement,unit
G2_18,Group 2,82.592,12,demo_measurement,unit
G2_18,Group 2,117.813,13,demo_measurement,unit
G2_18,Group 2,109.229,14,demo_measurement,unit
G2_18,Group 2,101.975,15,demo_measurement,unit
G2_18,Group 2,105.208,16,demo_measurement,unit
G2_18,Group 2,121.966,17,demo_measurement,unit
G2_18,Group 2,125.549,18,demo_measurement,unit
G2_18,Group 2,106.088,19,demo_measurement,unit
G2_18,Group 2,120.064,20,demo_measurement,unit
G2_18,Group 2,109.341,21,demo_measurement,unit
G2_18,Group 2,66.854,22,demo_measurement,unit
G2_18,Group 2,103.139,23,demo_measurement,unit
G2_18,Group 2,116.464,24,demo_measurement,unit
G2_18,Group 2,112.183,25,demo_measurement,unit
G2_18,Group 2,97.627,26,demo_measurement,unit
G2_18,Group 2,115.446,27,demo_measurement,unit
G2_18,Group 2,101.184,28,demo_measurement,unit
G2_18,Group 2,80.563,29,demo_measurement,unit
G2_18,Group 2,96.984,30,demo_measurement,unit
G2_18,Group 2,91.262,31,demo_measurement,unit
G2_18,Group 2,114.229,32,demo_measurement,unit
G2_18,Group 2,96.006,33,demo_measurement,unit
G2_18,Group 2,107.474,34,demo_measurement,unit
G2_18,Group 2,103.137,35,demo_measurement,unit
G2_18,Group 2,107.658,36,demo_measurement,unit
G2_18,Group 2,100.414,37,demo_measurement,unit
G2_18,Group 2,100.727,38,demo_measurement,unit
G2_18,Group 2,101.903,39,demo_measurement,unit
G2_18,Group 2,94.452,40,demo_measurement,unit
G2_18,Group 2,107.496,41,demo_measurement,unit
G2_18,Group 2,100.768,42,demo_measurement,unit
G2_18,Group 2,90.596,43,demo_measurement,unit
G2_18,Group 2,116.199,44,demo_measurement,unit
G2_18,Group 2,105.241,45,demo_measurement,unit
G2_18,Group 2,101.863,46,demo_measurement,unit
G2_18,Group 2,96.342,47,demo_measurement,unit
G2_18,Group 2,107.626,48,demo_measurement,unit
G2_18,Group 2,109.468,49,demo_measurement,unit
G2_18,Group 2,102.886,50,demo_measurement,unit
G2_19,Group 2,125.531,1,demo_measurement,unit
G2_19,Group 2,100.445,2,demo_measurement,unit
G2_19,Group 2,97.680,3,demo_measurement,unit
G2_19,Group 2,95.061,4,demo_measurement,unit
G2_19,Group 2,111.033,5,demo_measurement,unit
G2_19,Group 2,92.348,6,demo_measurement,unit
G2_19,Group 2,74.606,7,demo_measurement,unit
G2_19,Group 2,112.975,8,demo_measurement,unit
G2_19,Group 2,127.288,9,demo_measurement,unit
G2_19,Group 2,116.617,10,demo_measurement,unit
G2_19,Group 2,130.941,11,demo_measurement,unit
G2_19,Group 2,106.371,12,demo_measurement,unit
G2_19,Group 2,125.273,13,demo_measurement,unit
G2_19,Group 2,79.062,14,demo_measurement,unit
G2_19,Group 2,104.151,15,demo_measurement,unit
G2_19,Group 2,117.437,16,demo_measurement,unit
G2_19,Group 2,121.279,17,demo_measurement,unit
G2_19,Group 2,104.397,18,demo_measurement,unit
G2_19,Group 2,89.277,19,demo_measurement,unit
G2_19,Group 2,112.569,20,demo_measurement,unit
G2_19,Group 2,117.753,21,demo_measurement,unit
G2_19,Group 2,111.300,22,demo_measurement,unit
G2_19,Group 2,93.917,23,demo_measurement,unit
G2_19,Group 2,98.749,24,demo_measurement,unit
G2_19,Group 2,81.459,25,demo_measurement,unit
G2_19,Group 2,112.203,26,demo_measurement,unit
G2_19,Group 2,123.408,27,demo_measurement,unit
G2_19,Group 2,117.092,28,demo_measurement,unit
G2_19,Group 2,102.844,29,demo_measurement,unit
G2_19,Group 2,107.962,30,demo_measurement,unit
G2_19,Group 2,103.669,31,demo_measurement,unit
G2_19,Group 2,119.552,32,demo_measurement,unit
G2_19,Group 2,114.177,33,demo_measurement,unit
G2_19,Group 2,105.278,34,demo_measurement,unit
G2_19,Group 2,112.787,35,demo_measurement,unit
G2_19,Group 2,92.396,36,demo_measurement,unit
G2_19,Group 2,95.059,37,demo_measurement,unit
G2_19,Group 2,115.252,38,demo_measurement,unit
G2_19,Group 2,128.971,39,demo_measurement,unit
G2_19,Group 2,104.410,40,demo_measurement,unit
G2_19,Group 2,99.388,41,demo_measurement,unit
G2_19,Group 2,122.868,42,demo_measurement,unit
G2_19,Group 2,119.974,43,demo_measurement,unit
G2_19,Group 2,93.370,44,demo_measurement,unit
G2_19,Group 2,91.813,45,demo_measurement,unit
G2_19,Group 2,114.002,46,demo_measurement,unit
G2_19,Group 2,104.037,47,demo_measurement,unit
G2_19,Group 2,116.012,48,demo_measurement,unit
G2_19,Group 2,89.956,49,demo_measurement,unit
G2_19,Group 2,98.414,50,demo_measurement,unit
G2_20,Group 2,84.764,1,demo_measurement,unit
G2_20,Group 2,102.107,2,demo_measurement,unit
G2_20,Group 2,98.536,3,demo_measurement,unit
G2_20,Group 2,93.908,4,demo_measurement,unit
G2_20,Group 2,102.619,5,demo_measurement,unit
G2_20,Group 2,111.988,6,demo_measurement,unit
G2_20,Group 2,113.968,7,demo_measurement,unit
G2_20,Group 2,108.301,8,demo_measurement,unit
G2_20,Group 2,124.427,9,demo_measurement,unit
G2_20,Group 2,119.900,10,demo_measurement,unit
G2_20,Group 2,124.441,11,demo_measurement,unit
G2_20,Group 2,76.105,12,demo_measurement,unit
G2_20,Group 2,106.568,13,demo_measurement,unit
G2_20,Group 2,123.184,14,demo_measurement,unit
G2_20,Group 2,110.705,15,demo_measurement,unit
G2_20,Group 2,126.413,16,demo_measurement,unit
G2_20,Group 2,104.644,17,demo_measurement,unit
G2_20,Group 2,106.424,18,demo_measurement,unit
G2_20,Group 2,98.382,19,demo_measurement,unit
G2_20,Group 2,108.200,20,demo_measurement,unit
G2_20,Group 2,108.332,21,demo_measurement,unit
G2_20,Group 2,118.308,22,demo_measurement,unit
G2_20,Group 2,104.740,23,demo_measurement,unit
G2_20,Group 2,108.019,24,demo_measurement,unit
G2_20,Group 2,104.992,25,demo_measurement,unit
G2_20,Group 2,109.256,26,demo_measurement,unit
G2_20,Group 2,98.777,27,demo_measurement,unit
G2_20,Group 2,103.388,28,demo_measurement,unit
G2_20,Group 2,117.831,29,demo_measurement,unit
G2_20,Group 2,98.904,30,demo_measurement,unit
G2_20,Group 2,109.793,31,demo_measurement,unit
G2_20,Group 2,88.931,32,demo_measurement,unit
G2_20,Group 2,98.918,33,demo_measurement,unit
G2_20,Group 2,115.552,34,demo_measurement,unit
G2_20,Group 2,99.394,35,demo_measurement,unit
G2_20,Group 2,112.334,36,demo_measurement,unit
G2_20,Group 2,94.911,37,demo_measurement,unit
G2_20,Group 2,130.990,38,demo_measurement,unit
G2_20,Group 2,100.610,39,demo_measurement,unit
G2_20,Group 2,98.490,40,demo_measurement,unit
G2_20,Group 2,115.271,41,demo_measurement,unit
G2_20,Group 2,105.735,42,demo_measurement,unit
G2_20,Group 2,130.270,43,demo_measurement,unit
G2_20,Group 2,100.330,44,demo_measurement,unit
G2_20,Group 2,107.055,45,demo_measurement,unit
G2_20,Group 2,104.295,46,demo_measurement,unit
G2_20,Group 2,104.786,47,demo_measurement,unit
G2_20,Group 2,109.940,48,demo_measurement,unit
G2_20,Group 2,96.347,49,demo_measurement,unit
G2_20,Group 2,92.648,50,demo_measurement,unit
G2_21,Group 2,115.950,1,demo_measurement,unit
G2_21,Group 2,125.170,2,demo_measurement,unit
G2_21,Group 2,105.524,3,demo_measurement,unit
G2_21,Group 2,99.910,4,demo_measurement,unit
G2_21,Group 2,63.449,5,demo_measurement,unit
G2_21,Group 2,99.310,6,demo_measurement,unit
G2_21,Group 2,104.398,7,demo_measurement,unit
G2_21,Group 2,124.814,8,demo_measurement,unit
G2_21,Group 2,95.857,9,demo_measurement,unit
G2_21,Group 2,117.695,10,demo_measurement,unit
G2_21,Group 2,114.494,11,demo_measurement,unit
G2_21,Group 2,133.458,12,demo_measurement,unit
G2_21,Group 2,124.647,13,demo_measurement,unit
G2_21,Group 2,107.108,14,demo_measurement,unit
G2_21,Group 2,93.516,15,demo_measurement,unit
G2_21,Group 2,113.734,16,demo_measurement,unit
G2_21,Group 2,115.358,17,demo_measurement,unit
G2_21,Group 2,108.649,18,demo_measurement,unit
G2_21,Group 2,93.147,19,demo_measurement,unit
G2_21,Group 2,126.675,20,demo_measurement,unit
G2_21,Group 2,119.574,21,demo_measurement,unit
G2_21,Group 2,140.248,22,demo_measurement,unit
G2_21,Group 2,124.441,23,demo_measurement,unit
G2_21,Group 2,96.182,24,demo_measurement,unit
G2_21,Group 2,126.351,25,demo_measurement,unit
G2_21,Group 2,119.517,26,demo_measurement,unit
G2_21,Group 2,127.826,27,demo_measurement,unit
G2_21,Group 2,127.360,28,demo_measurement,unit
G2_21,Group 2,114.032,29,demo_measurement,unit
G2_21,Group 2,92.373,30,demo_measurement,unit
G2_21,Group 2,110.868,31,demo_measurement,unit
G2_21,Group 2,91.201,32,demo_measurement,unit
G2_21,Group 2,112.239,33,demo_measurement,unit
G2_21,Group 2,105.356,34,demo_measurement,unit
G2_21,Group 2,103.075,35,demo_measurement,unit
G2_21,Group 2,100.079,36,demo_measurement,unit
G2_21,Group 2,106.075,37,demo_measurement,unit
G2_21,Group 2,102.150,38,demo_measurement,unit
G2_21,Group 2,95.967,39,demo_measurement,unit
G2_21,Group 2,111.270,40,demo_measurement,unit
G2_21,Group 2,109.600,41,demo_measurement,unit
G2_21,Group 2,123.257,42,demo_measurement,unit
G2_21,Group 2,105.529,43,demo_measurement,unit
G2_21,Group 2,105.354,44,demo_measurement,unit
G2_21,Group 2,99.100,45,demo_measurement,unit
G2_21,Group 2,97.668,46,demo_measurement,unit
G2_21,Group 2,91.651,47,demo_measurement,unit
G2_21,Group 2,87.981,48,demo_measurement,unit
G2_21,Group 2,112.282,49,demo_measurement,unit
G2_21,Group 2,105.998,50,demo_measurement,unit
G2_22,Group 2,100.788,1,demo_measurement,unit
G2_22,Group 2,104.616,2,demo_measurement,unit
G2_22,Group 2,110.245,3,demo_measurement,unit
G2_22,Group 2,110.714,4,demo_measurement,unit
G2_22,Group 2,136.324,5,demo_measurement,unit
G2_22,Group 2,82.407,6,demo_measurement,unit
G2_22,Group 2,108.732,7,demo_measurement,unit
G2_22,Group 2,105.154,8,demo_measurement,unit
G2_22,Group 2,107.320,9,demo_measurement,unit
G2_22,Group 2,115.344,10,demo_measurement,unit
G2_22,Group 2,109.898,11,demo_measurement,unit
G2_22,Group 2,99.823,12,demo_measurement,unit
G2_22,Group 2,111.860,13,demo_measurement,unit
G2_22,Group 2,97.787,14,demo_measurement,unit
G2_22,Group 2,105.114,15,demo_measurement,unit
G2_22,Group 2,86.650,16,demo_measurement,unit
G2_22,Group 2,86.466,17,demo_measurement,unit
G2_22,Group 2,129.967,18,demo_measurement,unit
G2_22,Group 2,94.718,19,demo_measurement,unit
G2_22,Group 2,104.954,20,demo_measurement,unit
G2_22,Group 2,98.735,21,demo_measurement,unit
G2_22,Group 2,105.974,22,demo_measurement,unit
G2_22,Group 2,115.430,23,demo_measurement,unit
G2_22,Group 2,100.085,24,demo_measurement,unit
G2_22,Group 2,104.160,25,demo_measurement,unit
G2_22,Group 2,107.095,26,demo_measurement,unit
G2_22,Group 2,86.042,27,demo_measurement,unit
G2_22,Group 2,105.814,28,demo_measurement,unit
G2_22,Group 2,105.425,29,demo_measurement,unit
G2_22,Group 2,95.837,30,demo_measurement,unit
G2_22,Group 2,111.217,31,demo_measurement,unit
G2_22,Group 2,104.342,32,demo_measurement,unit
G2_22,Group 2,111.714,33,demo_measurement,unit
G2_22,Group 2,121.643,34,demo_measurement,unit
G2_22,Group 2,110.921,35,demo_measurement,unit
G2_22,Group 2,95.869,36,demo_measurement,unit
G2_22,Group 2,114.369,37,demo_measurement,unit
G2_22,Group 2,111.774,38,demo_measurement,unit
G2_22,Group 2,107.586,39,demo_measurement,unit
G2_22,Group 2,84.574,40,demo_measurement,unit
G2_22,Group 2,121.352,41,demo_measurement,unit
G2_22,Group 2,109.888,42,demo_measurement,unit
G2_22,Group 2,112.017,43,demo_measurement,unit
G2_22,Group 2,105.530,44,demo_measurement,unit
G2_22,Group 2,106.798,45,demo_measurement,unit
G2_22,Group 2,98.231,46,demo_measurement,unit
G2_22,Group 2,94.187,47,demo_measurement,unit
G2_22,Group 2,106.600,48,demo_measurement,unit
G2_22,Group 2,101.775,49,demo_measurement,unit
G2_22,Group 2,103.020,50,demo_measurement,unit
G2_23,Group 2,101.029,1,demo_measurement,unit
G2_23,Group 2,106.117,2,demo_measurement,unit
G2_23,Group 2,122.325,3,demo_measurement,unit
G2_23,Group 2,113.110,4,demo_measurement,unit
G2_23,Group 2,106.084,5,demo_measurement,unit
G2_23,Group 2,103.665,6,demo_measurement,unit
G2_23,Group 2,137.729,7,demo_measurement,unit
G2_23,Group 2,86.799,8,demo_measurement,unit
G2_23,Group 2,94.966,9,demo_measurement,unit
G2_23,Group 2,103.137,10,demo_measurement,unit
G2_23,Group 2,124.154,11,demo_measurement,unit
G2_23,Group 2,113.004,12,demo_measurement,unit
G2_23,Group 2,108.817,13,demo_measurement,unit
G2_23,Group 2,100.843,14,demo_measurement,unit
G2_23,Group 2,119.334,15,demo_measurement,unit
G2_23,Group 2,106.533,16,demo_measurement,unit
G2_23,Group 2,90.555,17,demo_measurement,unit
G2_23,Group 2,103.453,18,demo_measurement,unit
G2_23,Group 2,122.042,19,demo_measurement,unit
G2_23,Group 2,123.388,20,demo_measurement,unit
G2_23,Group 2,131.938,21,demo_measurement,unit
G2_23,Group 2,96.502,22,demo_measurement,unit
G2_23,Group 2,96.367,23,demo_measurement,unit
G2_23,Group 2,92.667,24,demo_measurement,unit
G2_23,Group 2,94.575,25,demo_measurement,unit
G2_23,Group 2,106.896,26,demo_measurement,unit
G2_23,Group 2,100.315,27,demo_measurement,unit
G2_23,Group 2,93.037,28,demo_measurement,unit
G2_23,Group 2,121.356,29,demo_measurement,unit
G2_23,Group 2,117.135,30,demo_measurement,unit
G2_23,Group 2,102.325,31,demo_measurement,unit
G2_23,Group 2,115.511,32,demo_measurement,unit
G2_23,Group 2,102.461,33,demo_measurement,unit
G2_23,Group 2,127.309,34,demo_measurement,unit
G2_23,Group 2,86.988,35,demo_measurement,unit
G2_23,Group 2,105.830,36,demo_measurement,unit
G2_23,Group 2,93.619,37,demo_measurement,unit
G2_23,Group 2,101.349,38,demo_measurement,unit
G2_23,Group 2,122.336,39,demo_measurement,unit
G2_23,Group 2,113.958,40,demo_measurement,unit
G2_23,Group 2,110.008,41,demo_measurement,unit
G2_23,Group 2,128.444,42,demo_measurement,unit
G2_23,Group 2,124.375,43,demo_measurement,unit
G2_23,Group 2,112.139,44,demo_measurement,unit
G2_23,Group 2,94.912,45,demo_measurement,unit
G2_23,Group 2,101.948,46,demo_measurement,unit
G2_23,Group 2,114.162,47,demo_measurement,unit
G2_23,Group 2,100.152,48,demo_measurement,unit
G2_23,Group 2,130.053,49,demo_measurement,unit
G2_23,Group 2,137.445,50,demo_measurement,unit
G2_24,Group 2,118.975,1,demo_measurement,unit
G2_24,Group 2,93.932,2,demo_measurement,unit
G2_24,Group 2,115.863,3,demo_measurement,unit
G2_24,Group 2,117.995,4,demo_measurement,unit
G2_24,Group 2,117.727,5,demo_measurement,unit
G2_24,Group 2,105.689,6,demo_measurement,unit
G2_24,Group 2,107.694,7,demo_measurement,unit
G2_24,Group 2,117.785,8,demo_measurement,unit
G2_24,Group 2,133.238,9,demo_measurement,unit
G2_24,Group 2,94.818,10,demo_measurement,unit
G2_24,Group 2,78.212,11,demo_measurement,unit
G2_24,Group 2,115.082,12,demo_measurement,unit
G2_24,Group 2,109.211,13,demo_measurement,unit
G2_24,Group 2,112.575,14,demo_measurement,unit
G2_24,Group 2,99.531,15,demo_measurement,unit
G2_24,Group 2,84.508,16,demo_measurement,unit
G2_24,Group 2,86.338,17,demo_measurement,unit
G2_24,Group 2,89.159,18,demo_measurement,unit
G2_24,Group 2,116.074,19,demo_measurement,unit
G2_24,Group 2,110.720,20,demo_measurement,unit
G2_24,Group 2,110.314,21,demo_measurement,unit
G2_24,Group 2,86.540,22,demo_measurement,unit
G2_24,Group 2,117.991,23,demo_measurement,unit
G2_24,Group 2,113.818,24,demo_measurement,unit
G2_24,Group 2,107.197,25,demo_measurement,unit
G2_24,Group 2,112.155,26,demo_measurement,unit
G2_24,Group 2,103.357,27,demo_measurement,unit
G2_24,Group 2,118.341,28,demo_measurement,unit
G2_24,Group 2,114.474,29,demo_measurement,unit
G2_24,Group 2,117.483,30,demo_measurement,unit
G2_24,Group 2,91.723,31,demo_measurement,unit
G2_24,Group 2,80.527,32,demo_measurement,unit
G2_24,Group 2,94.131,33,demo_measurement,unit
G2_24,Group 2,85.986,34,demo_measurement,unit
G2_24,Group 2,109.792,35,demo_measurement,unit
G2_24,Group 2,98.020,36,demo_measurement,unit
G2_24,Group 2,103.990,37,demo_measurement,unit
G2_24,Group 2,108.747,38,demo_measurement,unit
G2_24,Group 2,122.118,39,demo_measurement,unit
G2_24,Group 2,101.436,40,demo_measurement,unit
G2_24,Group 2,110.805,41,demo_measurement,unit
G2_24,Group 2,112.673,42,demo_measurement,unit
G2_24,Group 2,114.411,43,demo_measurement,unit
G2_24,Group 2,135.558,44,demo_measurement,unit
G2_24,Group 2,118.426,45,demo_measurement,unit
G2_24,Group 2,101.173,46,demo_measurement,unit
G2_24,Group 2,102.245,47,demo_measurement,unit
G2_24,Group 2,100.419,48,demo_measurement,unit
G2_24,Group 2,119.761,49,demo_measurement,unit
G2_24,Group 2,95.266,50,demo_measurement,unit
G2_25,Group 2,89.725,1,demo_measurement,unit
G2_25,Group 2,96.659,2,demo_measurement,unit
G2_25,Group 2,106.825,3,demo_measurement,unit
G2_25,Group 2,91.602,4,demo_measurement,unit
G2_25,Group 2,93.534,5,demo_measurement,unit
G2_25,Group 2,102.659,6,demo_measurement,unit
G2_25,Group 2,88.308,7,demo_measurement,unit
G2_25,Group 2,87.770,8,demo_measurement,unit
G2_25,Group 2,122.858,9,demo_measurement,unit
G2_25,Group 2,111.139,10,demo_measurement,unit
G2_25,Group 2,103.420,11,demo_measurement,unit
G2_25,Group 2,115.824,12,demo_measurement,unit
G2_25,Group 2,87.597,13,demo_measurement,unit
G2_25,Group 2,114.165,14,demo_measurement,unit
G2_25,Group 2,101.635,15,demo_measurement,unit
G2_25,Group 2,103.857,16,demo_measurement,unit
G2_25,Group 2,109.449,17,demo_measurement,unit
G2_25,Group 2,105.393,18,demo_measurement,unit
G2_25,Group 2,94.001,19,demo_measurement,unit
G2_25,Group 2,91.429,20,demo_measurement,unit
G2_25,Group 2,104.821,21,demo_measurement,unit
G2_25,Group 2,107.194,22,demo_measurement,unit
G2_25,Group 2,108.833,23,demo_measurement,unit
G2_25,Group 2,98.986,24,demo_measurement,unit
G2_25,Group 2,120.113,25,demo_measurement,unit
G2_25,Group 2,120.164,26,demo_measurement,unit
G2_25,Group 2,127.523,27,demo_measurement,unit
G2_25,Group 2,112.737,28,demo_measurement,unit
G2_25,Group 2,114.899,29,demo_measurement,unit
G2_25,Group 2,126.750,30,demo_measurement,unit
G2_25,Group 2,120.234,31,demo_measurement,unit
G2_25,Group 2,111.929,32,demo_measurement,unit
G2_25,Group 2,104.418,33,demo_measurement,unit
G2_25,Group 2,124.485,34,demo_measurement,unit
G2_25,Group 2,108.517,35,demo_measurement,unit
G2_25,Group 2,113.714,36,demo_measurement,unit
G2_25,Group 2,127.507,37,demo_measurement,unit
G2_25,Group 2,112.806,38,demo_measurement,unit
G2_25,Group 2,109.456,39,demo_measurement,unit
G2_25,Group 2,114.424,40,demo_measurement,unit
G2_25,Group 2,105.827,41,demo_measurement,unit
G2_25,Group 2,112.208,42,demo_measurement,unit
G2_25,Group 2,111.938,43,demo_measurement,unit
G2_25,Group 2,120.792,44,demo_measurement,unit
G2_25,Group 2,82.084,45,demo_measurement,unit
G2_25,Group 2,120.642,46,demo_measurement,unit
G2_25,Group 2,108.780,47,demo_measurement,unit
G2_25,Group 2,87.958,48,demo_measurement,unit
G2_25,Group 2,88.478,49,demo_measurement,unit
G2_25,Group 2,140.506,50,demo_measurement,unit
G2_26,Group 2,101.694,1,demo_measurement,unit
G2_26,Group 2,112.721,2,demo_measurement,unit
G2_26,Group 2,104.435,3,demo_measurement,unit
G2_26,Group 2,102.680,4,demo_measurement,unit
G2_26,Group 2,103.944,5,demo_measurement,unit
G2_26,Group 2,99.332,6,demo_measurement,unit
G2_26,Group 2,100.769,7,demo_measurement,unit
G2_26,Group 2,108.220,8,demo_measurement,unit
G2_26,Group 2,122.080,9,demo_measurement,unit
G2_26,Group 2,109.636,10,demo_measurement,unit
G2_26,Group 2,71.804,11,demo_measurement,unit
G2_26,Group 2,107.290,12,demo_measurement,unit
G2_26,Group 2,96.311,13,demo_measurement,unit
G2_26,Group 2,106.241,14,demo_measurement,unit
G2_26,Group 2,104.953,15,demo_measurement,unit
G2_26,Group 2,106.812,16,demo_measurement,unit
G2_26,Group 2,112.739,17,demo_measurement,unit
G2_26,Group 2,116.025,18,demo_measurement,unit
G2_26,Group 2,82.155,19,demo_measurement,unit
G2_26,Group 2,121.809,20,demo_measurement,unit
G2_26,Group 2,110.536,21,demo_measurement,unit
G2_26,Group 2,112.885,22,demo_measurement,unit
G2_26,Group 2,121.439,23,demo_measurement,unit
G2_26,Group 2,92.115,24,demo_measurement,unit
G2_26,Group 2,114.886,25,demo_measurement,unit
G2_26,Group 2,87.398,26,demo_measurement,unit
G2_26,Group 2,109.382,27,demo_measurement,unit
G2_26,Group 2,90.110,28,demo_measurement,unit
G2_26,Group 2,121.322,29,demo_measurement,unit
G2_26,Group 2,106.302,30,demo_measurement,unit
G2_26,Group 2,93.912,31,demo_measurement,unit
G2_26,Group 2,106.266,32,demo_measurement,unit
G2_26,Group 2,102.576,33,demo_measurement,unit
G2_26,Group 2,97.315,34,demo_measurement,unit
G2_26,Group 2,121.489,35,demo_measurement,unit
G2_26,Group 2,72.999,36,demo_measurement,unit
G2_26,Group 2,115.132,37,demo_measurement,unit
G2_26,Group 2,125.345,38,demo_measurement,unit
G2_26,Group 2,118.784,39,demo_measurement,unit
G2_26,Group 2,97.466,40,demo_measurement,unit
G2_26,Group 2,121.337,41,demo_measurement,unit
G2_26,Group 2,102.908,42,demo_measurement,unit
G2_26,Group 2,91.992,43,demo_measurement,unit
G2_26,Group 2,111.695,44,demo_measurement,unit
G2_26,Group 2,114.257,45,demo_measurement,unit
G2_26,Group 2,109.286,46,demo_measurement,unit
G2_26,Group 2,112.464,47,demo_measurement,unit
G2_26,Group 2,119.685,48,demo_measurement,unit
G2_26,Group 2,103.299,49,demo_measurement,unit
G2_26,Group 2,96.886,50,demo_measurement,unit
G2_27,Group 2,80.206,1,demo_measurement,unit
G2_27,Group 2,86.755,2,demo_measurement,unit
G2_27,Group 2,91.911,3,demo_measurement,unit
G2_27,Group 2,111.160,4,demo_measurement,unit
G2_27,Group 2,100.093,5,demo_measurement,unit
G2_27,Group 2,125.354,6,demo_measurement,unit
G2_27,Group 2,109.170,7,demo_measurement,unit
G2_27,Group 2,100.805,8,demo_measurement,unit
G2_27,Group 2,97.534,9,demo_measurement,unit
G2_27,Group 2,111.619,10,demo_measurement,unit
G2_27,Group 2,102.868,11,demo_measurement,unit
G2_27,Group 2,77.300,12,demo_measurement,unit
G2_27,Group 2,103.823,13,demo_measurement,unit
G2_27,Group 2,119.421,14,demo_measurement,unit
G2_27,Group 2,126.249,15,demo_measurement,unit
G2_27,Group 2,92.126,16,demo_measurement,unit
G2_27,Group 2,117.060,17,demo_measurement,unit
G2_27,Group 2,116.079,18,demo_measurement,unit
G2_27,Group 2,79.150,19,demo_measurement,unit
G2_27,Group 2,82.560,20,demo_measurement,unit
G2_27,Group 2,95.950,21,demo_measurement,unit
G2_27,Group 2,99.900,22,demo_measurement,unit
G2_27,Group 2,126.406,23,demo_measurement,unit
G2_27,Group 2,115.549,24,demo_measurement,unit
G2_27,Group 2,101.907,25,demo_measurement,unit
G2_27,Group 2,89.644,26,demo_measurement,unit
G2_27,Group 2,95.662,27,demo_measurement,unit
G2_27,Group 2,119.609,28,demo_measurement,unit
G2_27,Group 2,115.599,29,demo_measurement,unit
G2_27,Group 2,104.873,30,demo_measurement,unit
G2_27,Group 2,94.748,31,demo_measurement,unit
G2_27,Group 2,110.983,32,demo_measurement,unit
G2_27,Group 2,110.104,33,demo_measurement,unit
G2_27,Group 2,122.334,34,demo_measurement,unit
G2_27,Group 2,114.724,35,demo_measurement,unit
G2_27,Group 2,89.494,36,demo_measurement,unit
G2_27,Group 2,79.725,37,demo_measurement,unit
G2_27,Group 2,99.984,38,demo_measurement,unit
G2_27,Group 2,105.502,39,demo_measurement,unit
G2_27,Group 2,103.297,40,demo_measurement,unit
G2_27,Group 2,123.240,41,demo_measurement,unit
G2_27,Group 2,112.966,42,demo_measurement,unit
G2_27,Group 2,114.454,43,demo_measurement,unit
G2_27,Group 2,104.600,44,demo_measurement,unit
G2_27,Group 2,86.364,45,demo_measurement,unit
G2_27,Group 2,102.150,46,demo_measurement,unit
G2_27,Group 2,102.955,47,demo_measurement,unit
G2_27,Group 2,105.802,48,demo_measurement,unit
G2_27,Group 2,100.039,49,demo_measurement,unit
G2_27,Group 2,99.874,50,demo_measurement,unit
G2_28,Group 2,106.806,1,demo_measurement,unit
G2_28,Group 2,95.515,2,demo_measurement,unit
G2_28,Group 2,104.755,3,demo_measurement,unit
G2_28,Group 2,103.088,4,demo_measurement,unit
G2_28,Group 2,121.335,5,demo_measurement,unit
G2_28,Group 2,108.861,6,demo_measurement,unit
G2_28,Group 2,106.608,7,demo_measurement,unit
G2_28,Group 2,119.868,8,demo_measurement,unit
G2_28,Group 2,106.079,9,demo_measurement,unit
G2_28,Group 2,117.556,10,demo_measurement,unit
G2_28,Group 2,117.341,11,demo_measurement,unit
G2_28,Group 2,111.827,12,demo_measurement,unit
G2_28,Group 2,117.241,13,demo_measurement,unit
G2_28,Group 2,123.120,14,demo_measurement,unit
G2_28,Group 2,126.490,15,demo_measurement,unit
G2_28,Group 2,114.519,16,demo_measurement,unit
G2_28,Group 2,116.980,17,demo_measurement,unit
G2_28,Group 2,105.703,18,demo_measurement,unit
G2_28,Group 2,88.251,19,demo_measurement,unit
G2_28,Group 2,129.850,20,demo_measurement,unit
G2_28,Group 2,103.010,21,demo_measurement,unit
G2_28,Group 2,117.360,22,demo_measurement,unit
G2_28,Group 2,103.340,23,demo_measurement,unit
G2_28,Group 2,73.138,24,demo_measurement,unit
G2_28,Group 2,108.242,25,demo_measurement,unit
G2_28,Group 2,106.474,26,demo_measurement,unit
G2_28,Group 2,104.881,27,demo_measurement,unit
G2_28,Group 2,84.930,28,demo_measurement,unit
G2_28,Group 2,85.999,29,demo_measurement,unit
G2_28,Group 2,95.702,30,demo_measurement,unit
G2_28,Group 2,112.570,31,demo_measurement,unit
G2_28,Group 2,92.505,32,demo_measurement,unit
G2_28,Group 2,103.069,33,demo_measurement,unit
G2_28,Group 2,96.570,34,demo_measurement,unit
G2_28,Group 2,113.972,35,demo_measurement,unit
G2_28,Group 2,118.405,36,demo_measurement,unit
G2_28,Group 2,112.531,37,demo_measurement,unit
G2_28,Group 2,89.048,38,demo_measurement,unit
G2_28,Group 2,112.693,39,demo_measurement,unit
G2_28,Group 2,95.268,40,demo_measurement,unit
G2_28,Group 2,98.095,41,demo_measurement,unit
G2_28,Group 2,110.483,42,demo_measurement,unit
G2_28,Group 2,110.457,43,demo_measurement,unit
G2_28,Group 2,100.431,44,demo_measurement,unit
G2_28,Group 2,114.697,45,demo_measurement,unit
G2_28,Group 2,106.481,46,demo_measurement,unit
G2_28,Group 2,77.678,47,demo_measurement,unit
G2_28,Group 2,98.177,48,demo_measurement,unit
G2_28,Group 2,108.777,49,demo_measurement,unit
G2_28,Group 2,106.595,50,demo_measurement,unit
G2_29,Group 2,122.528,1,demo_measurement,unit
G2_29,Group 2,110.389,2,demo_measurement,unit
G2_29,Group 2,123.825,3,demo_measurement,unit
G2_29,Group 2,112.577,4,demo_measurement,unit
G2_29,Group 2,97.126,5,demo_measurement,unit
G2_29,Group 2,122.700,6,demo_measurement,unit
G2_29,Group 2,127.922,7,demo_measurement,unit
G2_29,Group 2,117.330,8,demo_measurement,unit
G2_29,Group 2,102.066,9,demo_measurement,unit
G2_29,Group 2,117.246,10,demo_measurement,unit
G2_29,Group 2,119.232,11,demo_measurement,unit
G2_29,Group 2,102.316,12,demo_measurement,unit
G2_29,Group 2,99.690,13,demo_measurement,unit
G2_29,Group 2,112.789,14,demo_measurement,unit
G2_29,Group 2,105.723,15,demo_measurement,unit
G2_29,Group 2,114.845,16,demo_measurement,unit
G2_29,Group 2,98.140,17,demo_measurement,unit
G2_29,Group 2,98.038,18,demo_measurement,unit
G2_29,Group 2,121.507,19,demo_measurement,unit
G2_29,Group 2,128.992,20,demo_measurement,unit
G2_29,Group 2,101.468,21,demo_measurement,unit
G2_29,Group 2,106.139,22,demo_measurement,unit
G2_29,Group 2,109.918,23,demo_measurement,unit
G2_29,Group 2,128.711,24,demo_measurement,unit
G2_29,Group 2,97.341,25,demo_measurement,unit
G2_29,Group 2,92.239,26,demo_measurement,unit
G2_29,Group 2,95.384,27,demo_measurement,unit
G2_29,Group 2,100.286,28,demo_measurement,unit
G2_29,Group 2,121.586,29,demo_measurement,unit
G2_29,Group 2,110.797,30,demo_measurement,unit
G2_29,Group 2,116.749,31,demo_measurement,unit
G2_29,Group 2,113.187,32,demo_measurement,unit
G2_29,Group 2,86.543,33,demo_measurement,unit
G2_29,Group 2,101.844,34,demo_measurement,unit
G2_29,Group 2,91.356,35,demo_measurement,unit
G2_29,Group 2,99.379,36,demo_measurement,unit
G2_29,Group 2,104.924,37,demo_measurement,unit
G2_29,Group 2,128.513,38,demo_measurement,unit
G2_29,Group 2,103.767,39,demo_measurement,unit
G2_29,Group 2,103.998,40,demo_measurement,unit
G2_29,Group 2,95.159,41,demo_measurement,unit
G2_29,Group 2,103.539,42,demo_measurement,unit
G2_29,Group 2,112.722,43,demo_measurement,unit
G2_29,Group 2,119.424,44,demo_measurement,unit
G2_29,Group 2,111.604,45,demo_measurement,unit
G2_29,Group 2,75.216,46,demo_measurement,unit
G2_29,Group 2,99.371,47,demo_measurement,unit
G2_29,Group 2,102.684,48,demo_measurement,unit
G2_29,Group 2,112.327,49,demo_measurement,unit
G2_29,Group 2,113.058,50,demo_measurement,unit
G2_30,Group 2,102.487,1,demo_measurement,unit
G2_30,Group 2,85.249,2,demo_measurement,unit
G2_30,Group 2,116.071,3,demo_measurement,unit
G2_30,Group 2,117.746,4,demo_measurement,unit
G2_30,Group 2,97.610,5,demo_measurement,unit
G2_30,Group 2,105.925,6,demo_measurement,unit
G2_30,Group 2,112.297,7,demo_measurement,unit
G2_30,Group 2,111.321,8,demo_measurement,unit
G2_30,Group 2,108.991,9,demo_measurement,unit
G2_30,Group 2,102.947,10,demo_measurement,unit
G2_30,Group 2,133.153,11,demo_measurement,unit
G2_30,Group 2,97.534,12,demo_measurement,unit
G2_30,Group 2,106.859,13,demo_measurement,unit
G2_30,Group 2,117.042,14,demo_measurement,unit
G2_30,Group 2,103.309,15,demo_measurement,unit
G2_30,Group 2,112.306,16,demo_measurement,unit
G2_30,Group 2,114.750,17,demo_measurement,unit
G2_30,Group 2,95.783,18,demo_measurement,unit
G2_30,Group 2,120.395,19,demo_measurement,unit
G2_30,Group 2,96.993,20,demo_measurement,unit
G2_30,Group 2,111.755,21,demo_measurement,unit
G2_30,Group 2,119.321,22,demo_measurement,unit
G2_30,Group 2,109.989,23,demo_measurement,unit
G2_30,Group 2,116.109,24,demo_measurement,unit
G2_30,Group 2,100.493,25,demo_measurement,unit
G2_30,Group 2,108.310,26,demo_measurement,unit
G2_30,Group 2,117.485,27,demo_measurement,unit
G2_30,Group 2,95.370,28,demo_measurement,unit
G2_30,Group 2,118.993,29,demo_measurement,unit
G2_30,Group 2,99.939,30,demo_measurement,unit
G2_30,Group 2,93.987,31,demo_measurement,unit
G2_30,Group 2,98.603,32,demo_measurement,unit
G2_30,Group 2,119.100,33,demo_measurement,unit
G2_30,Group 2,106.983,34,demo_measurement,unit
G2_30,Group 2,106.598,35,demo_measurement,unit
G2_30,Group 2,99.323,36,demo_measurement,unit
G2_30,Group 2,103.693,37,demo_measurement,unit
G2_30,Group 2,116.228,38,demo_measurement,unit
G2_30,Group 2,118.157,39,demo_measurement,unit
G2_30,Group 2,115.129,40,demo_measurement,unit
G2_30,Group 2,107.186,41,demo_measurement,unit
G2_30,Group 2,100.460,42,demo_measurement,unit
G2_30,Group 2,80.751,43,demo_measurement,unit
G2_30,Group 2,112.437,44,demo_measurement,unit
G2_30,Group 2,116.455,45,demo_measurement,unit
G2_30,Group 2,97.585,46,demo_measurement,unit
G2_30,Group 2,122.046,47,demo_measurement,unit
G2_30,Group 2,109.068,48,demo_measurement,unit
G2_30,Group 2,97.954,49,demo_measurement,unit
G2_30,Group 2,97.884,50,demo_measurement,unit
G3_01,Group 3,117.048,1,demo_measurement,unit
G3_01,Group 3,113.394,2,demo_measurement,unit
G3_01,Group 3,119.002,3,demo_measurement,unit
G3_01,Group 3,99.392,4,demo_measurement,unit
G3_01,Group 3,116.124,5,demo_measurement,unit
G3_01,Group 3,122.320,6,demo_measurement,unit
G3_01,Group 3,101.904,7,demo_measurement,unit
G3_01,Group 3,102.372,8,demo_measurement,unit
G3_01,Group 3,117.944,9,demo_measurement,unit
G3_01,Group 3,105.684,10,demo_measurement,unit
G3_01,Group 3,120.324,11,demo_measurement,unit
G3_01,Group 3,125.949,12,demo_measurement,unit
G3_01,Group 3,95.788,13,demo_measurement,unit
G3_01,Group 3,107.883,14,demo_measurement,unit
G3_01,Group 3,139.973,15,demo_measurement,unit
G3_01,Group 3,119.694,16,demo_measurement,unit
G3_01,Group 3,118.645,17,demo_measurement,unit
G3_01,Group 3,121.614,18,demo_measurement,unit
G3_01,Group 3,98.720,19,demo_measurement,unit
G3_01,Group 3,121.127,20,demo_measurement,unit
G3_01,Group 3,122.902,21,demo_measurement,unit
G3_01,Group 3,103.259,22,demo_measurement,unit
G3_01,Group 3,112.945,23,demo_measurement,unit
G3_01,Group 3,120.962,24,demo_measurement,unit
G3_01,Group 3,101.880,25,demo_measurement,unit
G3_01,Group 3,127.203,26,demo_measurement,unit
G3_01,Group 3,95.737,27,demo_measurement,unit
G3_01,Group 3,122.156,28,demo_measurement,unit
G3_01,Group 3,108.233,29,demo_measurement,unit
G3_01,Group 3,131.243,30,demo_measurement,unit
G3_01,Group 3,143.764,31,demo_measurement,unit
G3_01,Group 3,80.565,32,demo_measurement,unit
G3_01,Group 3,114.566,33,demo_measurement,unit
G3_01,Group 3,104.653,34,demo_measurement,unit
G3_01,Group 3,109.562,35,demo_measurement,unit
G3_01,Group 3,119.818,36,demo_measurement,unit
G3_01,Group 3,105.330,37,demo_measurement,unit
G3_01,Group 3,121.610,38,demo_measurement,unit
G3_01,Group 3,110.798,39,demo_measurement,unit
G3_01,Group 3,97.523,40,demo_measurement,unit
G3_01,Group 3,111.572,41,demo_measurement,unit
G3_01,Group 3,123.598,42,demo_measurement,unit
G3_01,Group 3,117.969,43,demo_measurement,unit
G3_01,Group 3,107.123,44,demo_measurement,unit
G3_01,Group 3,121.547,45,demo_measurement,unit
G3_01,Group 3,119.538,46,demo_measurement,unit
G3_01,Group 3,123.898,47,demo_measurement,unit
G3_01,Group 3,119.586,48,demo_measurement,unit
G3_01,Group 3,113.137,49,demo_measurement,unit
G3_01,Group 3,109.057,50,demo_measurement,unit
G3_02,Group 3,105.838,1,demo_measurement,unit
G3_02,Group 3,95.510,2,demo_measurement,unit
G3_02,Group 3,129.245,3,demo_measurement,unit
G3_02,Group 3,107.423,4,demo_measurement,unit
G3_02,Group 3,105.370,5,demo_measurement,unit
G3_02,Group 3,108.072,6,demo_measurement,unit
G3_02,Group 3,130.730,7,demo_measurement,unit
G3_02,Group 3,114.230,8,demo_measurement,unit
G3_02,Group 3,128.082,9,demo_measurement,unit
G3_02,Group 3,98.347,10,demo_measurement,unit
G3_02,Group 3,106.240,11,demo_measurement,unit
G3_02,Group 3,113.219,12,demo_measurement,unit
G3_02,Group 3,103.168,13,demo_measurement,unit
G3_02,Group 3,120.053,14,demo_measurement,unit
G3_02,Group 3,104.640,15,demo_measurement,unit
G3_02,Group 3,121.644,16,demo_measurement,unit
G3_02,Group 3,109.280,17,demo_measurement,unit
G3_02,Group 3,117.672,18,demo_measurement,unit
G3_02,Group 3,126.065,19,demo_measurement,unit
G3_02,Group 3,113.338,20,demo_measurement,unit
G3_02,Group 3,108.688,21,demo_measurement,unit
G3_02,Group 3,118.786,22,demo_measurement,unit
G3_02,Group 3,113.413,23,demo_measurement,unit
G3_02,Group 3,147.539,24,demo_measurement,unit
G3_02,Group 3,99.242,25,demo_measurement,unit
G3_02,Group 3,116.051,26,demo_measurement,unit
G3_02,Group 3,94.885,27,demo_measurement,unit
G3_02,Group 3,108.716,28,demo_measurement,unit
G3_02,Group 3,116.111,29,demo_measurement,unit
G3_02,Group 3,118.370,30,demo_measurement,unit
G3_02,Group 3,107.324,31,demo_measurement,unit
G3_02,Group 3,107.851,32,demo_measurement,unit
G3_02,Group 3,97.852,33,demo_measurement,unit
G3_02,Group 3,111.307,34,demo_measurement,unit
G3_02,Group 3,135.844,35,demo_measurement,unit
G3_02,Group 3,123.663,36,demo_measurement,unit
G3_02,Group 3,138.910,37,demo_measurement,unit
G3_02,Group 3,141.905,38,demo_measurement,unit
G3_02,Group 3,126.565,39,demo_measurement,unit
G3_02,Group 3,103.640,40,demo_measurement,unit
G3_02,Group 3,125.056,41,demo_measurement,unit
G3_02,Group 3,127.972,42,demo_measurement,unit
G3_02,Group 3,121.775,43,demo_measurement,unit
G3_02,Group 3,93.806,44,demo_measurement,unit
G3_02,Group 3,135.236,45,demo_measurement,unit
G3_02,Group 3,108.666,46,demo_measurement,unit
G3_02,Group 3,118.012,47,demo_measurement,unit
G3_02,Group 3,113.036,48,demo_measurement,unit
G3_02,Group 3,112.460,49,demo_measurement,unit
G3_02,Group 3,139.151,50,demo_measurement,unit
G3_03,Group 3,135.504,1,demo_measurement,unit
G3_03,Group 3,126.240,2,demo_measurement,unit
G3_03,Group 3,107.815,3,demo_measurement,unit
G3_03,Group 3,105.375,4,demo_measurement,unit
G3_03,Group 3,114.829,5,demo_measurement,unit
G3_03,Group 3,134.957,6,demo_measurement,unit
G3_03,Group 3,106.951,7,demo_measurement,unit
G3_03,Group 3,91.791,8,demo_measurement,unit
G3_03,Group 3,123.609,9,demo_measurement,unit
G3_03,Group 3,95.524,10,demo_measurement,unit
G3_03,Group 3,102.988,11,demo_measurement,unit
G3_03,Group 3,103.054,12,demo_measurement,unit
G3_03,Group 3,116.046,13,demo_measurement,unit
G3_03,Group 3,112.538,14,demo_measurement,unit
G3_03,Group 3,117.979,15,demo_measurement,unit
G3_03,Group 3,99.020,16,demo_measurement,unit
G3_03,Group 3,106.000,17,demo_measurement,unit
G3_03,Group 3,124.070,18,demo_measurement,unit
G3_03,Group 3,110.148,19,demo_measurement,unit
G3_03,Group 3,108.056,20,demo_measurement,unit
G3_03,Group 3,120.534,21,demo_measurement,unit
G3_03,Group 3,125.430,22,demo_measurement,unit
G3_03,Group 3,122.259,23,demo_measurement,unit
G3_03,Group 3,116.887,24,demo_measurement,unit
G3_03,Group 3,111.131,25,demo_measurement,unit
G3_03,Group 3,82.959,26,demo_measurement,unit
G3_03,Group 3,128.817,27,demo_measurement,unit
G3_03,Group 3,138.895,28,demo_measurement,unit
G3_03,Group 3,118.677,29,demo_measurement,unit
G3_03,Group 3,96.126,30,demo_measurement,unit
G3_03,Group 3,102.878,31,demo_measurement,unit
G3_03,Group 3,107.561,32,demo_measurement,unit
G3_03,Group 3,128.049,33,demo_measurement,unit
G3_03,Group 3,115.207,34,demo_measurement,unit
G3_03,Group 3,103.959,35,demo_measurement,unit
G3_03,Group 3,107.688,36,demo_measurement,unit
G3_03,Group 3,109.518,37,demo_measurement,unit
G3_03,Group 3,110.448,38,demo_measurement,unit
G3_03,Group 3,118.452,39,demo_measurement,unit
G3_03,Group 3,106.747,40,demo_measurement,unit
G3_03,Group 3,110.340,41,demo_measurement,unit
G3_03,Group 3,111.414,42,demo_measurement,unit
G3_03,Group 3,127.225,43,demo_measurement,unit
G3_03,Group 3,110.390,44,demo_measurement,unit
G3_03,Group 3,105.718,45,demo_measurement,unit
G3_03,Group 3,141.440,46,demo_measurement,unit
G3_03,Group 3,118.159,47,demo_measurement,unit
G3_03,Group 3,104.350,48,demo_measurement,unit
G3_03,Group 3,116.101,49,demo_measurement,unit
G3_03,Group 3,94.487,50,demo_measurement,unit
G3_04,Group 3,113.506,1,demo_measurement,unit
G3_04,Group 3,110.754,2,demo_measurement,unit
G3_04,Group 3,115.764,3,demo_measurement,unit
G3_04,Group 3,113.103,4,demo_measurement,unit
G3_04,Group 3,107.365,5,demo_measurement,unit
G3_04,Group 3,104.582,6,demo_measurement,unit
G3_04,Group 3,122.304,7,demo_measurement,unit
G3_04,Group 3,122.755,8,demo_measurement,unit
G3_04,Group 3,117.564,9,demo_measurement,unit
G3_04,Group 3,126.531,10,demo_measurement,unit
G3_04,Group 3,104.875,11,demo_measurement,unit
G3_04,Group 3,92.100,12,demo_measurement,unit
G3_04,Group 3,109.200,13,demo_measurement,unit
G3_04,Group 3,99.768,14,demo_measurement,unit
G3_04,Group 3,91.075,15,demo_measurement,unit
G3_04,Group 3,123.261,16,demo_measurement,unit
G3_04,Group 3,123.901,17,demo_measurement,unit
G3_04,Group 3,93.200,18,demo_measurement,unit
G3_04,Group 3,122.088,19,demo_measurement,unit
G3_04,Group 3,122.590,20,demo_measurement,unit
G3_04,Group 3,95.952,21,demo_measurement,unit
G3_04,Group 3,95.858,22,demo_measurement,unit
G3_04,Group 3,121.460,23,demo_measurement,unit
G3_04,Group 3,137.877,24,demo_measurement,unit
G3_04,Group 3,115.540,25,demo_measurement,unit
G3_04,Group 3,102.546,26,demo_measurement,unit
G3_04,Group 3,85.296,27,demo_measurement,unit
G3_04,Group 3,128.805,28,demo_measurement,unit
G3_04,Group 3,116.231,29,demo_measurement,unit
G3_04,Group 3,122.811,30,demo_measurement,unit
G3_04,Group 3,131.015,31,demo_measurement,unit
G3_04,Group 3,126.810,32,demo_measurement,unit
G3_04,Group 3,124.683,33,demo_measurement,unit
G3_04,Group 3,123.571,34,demo_measurement,unit
G3_04,Group 3,99.565,35,demo_measurement,unit
G3_04,Group 3,120.896,36,demo_measurement,unit
G3_04,Group 3,120.976,37,demo_measurement,unit
G3_04,Group 3,115.186,38,demo_measurement,unit
G3_04,Group 3,115.247,39,demo_measurement,unit
G3_04,Group 3,121.497,40,demo_measurement,unit
G3_04,Group 3,102.769,41,demo_measurement,unit
G3_04,Group 3,115.677,42,demo_measurement,unit
G3_04,Group 3,131.342,43,demo_measurement,unit
G3_04,Group 3,118.543,44,demo_measurement,unit
G3_04,Group 3,96.995,45,demo_measurement,unit
G3_04,Group 3,105.467,46,demo_measurement,unit
G3_04,Group 3,127.505,47,demo_measurement,unit
G3_04,Group 3,112.439,48,demo_measurement,unit
G3_04,Group 3,115.689,49,demo_measurement,unit
G3_04,Group 3,109.127,50,demo_measurement,unit
G3_05,Group 3,112.748,1,demo_measurement,unit
G3_05,Group 3,115.745,2,demo_measurement,unit
G3_05,Group 3,130.382,3,demo_measurement,unit
G3_05,Group 3,95.786,4,demo_measurement,unit
G3_05,Group 3,107.879,5,demo_measurement,unit
G3_05,Group 3,119.560,6,demo_measurement,unit
G3_05,Group 3,105.452,7,demo_measurement,unit
G3_05,Group 3,103.581,8,demo_measurement,unit
G3_05,Group 3,103.129,9,demo_measurement,unit
G3_05,Group 3,97.869,10,demo_measurement,unit
G3_05,Group 3,112.111,11,demo_measurement,unit
G3_05,Group 3,111.472,12,demo_measurement,unit
G3_05,Group 3,110.193,13,demo_measurement,unit
G3_05,Group 3,119.735,14,demo_measurement,unit
G3_05,Group 3,125.365,15,demo_measurement,unit
G3_05,Group 3,95.530,16,demo_measurement,unit
G3_05,Group 3,127.021,17,demo_measurement,unit
G3_05,Group 3,111.354,18,demo_measurement,unit
G3_05,Group 3,126.686,19,demo_measurement,unit
G3_05,Group 3,120.103,20,demo_measurement,unit
G3_05,Group 3,131.833,21,demo_measurement,unit
G3_05,Group 3,120.502,22,demo_measurement,unit
G3_05,Group 3,125.230,23,demo_measurement,unit
G3_05,Group 3,116.782,24,demo_measurement,unit
G3_05,Group 3,98.529,25,demo_measurement,unit
G3_05,Group 3,129.268,26,demo_measurement,unit
G3_05,Group 3,106.427,27,demo_measurement,unit
G3_05,Group 3,114.705,28,demo_measurement,unit
G3_05,Group 3,111.717,29,demo_measurement,unit
G3_05,Group 3,109.574,30,demo_measurement,unit
G3_05,Group 3,116.476,31,demo_measurement,unit
G3_05,Group 3,134.169,32,demo_measurement,unit
G3_05,Group 3,130.378,33,demo_measurement,unit
G3_05,Group 3,124.718,34,demo_measurement,unit
G3_05,Group 3,116.212,35,demo_measurement,unit
G3_05,Group 3,118.162,36,demo_measurement,unit
G3_05,Group 3,130.138,37,demo_measurement,unit
G3_05,Group 3,125.422,38,demo_measurement,unit
G3_05,Group 3,117.190,39,demo_measurement,unit
G3_05,Group 3,123.581,40,demo_measurement,unit
G3_05,Group 3,113.226,41,demo_measurement,unit
G3_05,Group 3,111.360,42,demo_measurement,unit
G3_05,Group 3,95.151,43,demo_measurement,unit
G3_05,Group 3,110.686,44,demo_measurement,unit
G3_05,Group 3,109.225,45,demo_measurement,unit
G3_05,Group 3,113.996,46,demo_measurement,unit
G3_05,Group 3,115.983,47,demo_measurement,unit
G3_05,Group 3,141.871,48,demo_measurement,unit
G3_05,Group 3,131.316,49,demo_measurement,unit
G3_05,Group 3,118.598,50,demo_measurement,unit
G3_06,Group 3,129.312,1,demo_measurement,unit
G3_06,Group 3,113.058,2,demo_measurement,unit
G3_06,Group 3,104.645,3,demo_measurement,unit
G3_06,Group 3,114.251,4,demo_measurement,unit
G3_06,Group 3,110.263,5,demo_measurement,unit
G3_06,Group 3,107.859,6,demo_measurement,unit
G3_06,Group 3,131.106,7,demo_measurement,unit
G3_06,Group 3,117.291,8,demo_measurement,unit
G3_06,Group 3,103.495,9,demo_measurement,unit
G3_06,Group 3,129.853,10,demo_measurement,unit
G3_06,Group 3,111.305,11,demo_measurement,unit
G3_06,Group 3,90.890,12,demo_measurement,unit
G3_06,Group 3,107.319,13,demo_measurement,unit
G3_06,Group 3,144.362,14,demo_measurement,unit
G3_06,Group 3,101.874,15,demo_measurement,unit
G3_06,Group 3,115.616,16,demo_measurement,unit
G3_06,Group 3,115.696,17,demo_measurement,unit
G3_06,Group 3,120.311,18,demo_measurement,unit
G3_06,Group 3,111.284,19,demo_measurement,unit
G3_06,Group 3,116.315,20,demo_measurement,unit
G3_06,Group 3,109.391,21,demo_measurement,unit
G3_06,Group 3,110.277,22,demo_measurement,unit
G3_06,Group 3,129.371,23,demo_measurement,unit
G3_06,Group 3,114.424,24,demo_measurement,unit
G3_06,Group 3,125.290,25,demo_measurement,unit
G3_06,Group 3,92.882,26,demo_measurement,unit
G3_06,Group 3,141.983,27,demo_measurement,unit
G3_06,Group 3,108.653,28,demo_measurement,unit
G3_06,Group 3,100.563,29,demo_measurement,unit
G3_06,Group 3,103.347,30,demo_measurement,unit
G3_06,Group 3,111.242,31,demo_measurement,unit
G3_06,Group 3,118.720,32,demo_measurement,unit
G3_06,Group 3,114.355,33,demo_measurement,unit
G3_06,Group 3,106.231,34,demo_measurement,unit
G3_06,Group 3,122.900,35,demo_measurement,unit
G3_06,Group 3,119.617,36,demo_measurement,unit
G3_06,Group 3,137.940,37,demo_measurement,unit
G3_06,Group 3,109.431,38,demo_measurement,unit
G3_06,Group 3,141.096,39,demo_measurement,unit
G3_06,Group 3,104.451,40,demo_measurement,unit
G3_06,Group 3,110.084,41,demo_measurement,unit
G3_06,Group 3,116.497,42,demo_measurement,unit
G3_06,Group 3,117.658,43,demo_measurement,unit
G3_06,Group 3,105.650,44,demo_measurement,unit
G3_06,Group 3,124.298,45,demo_measurement,unit
G3_06,Group 3,129.414,46,demo_measurement,unit
G3_06,Group 3,105.677,47,demo_measurement,unit
G3_06,Group 3,94.031,48,demo_measurement,unit
G3_06,Group 3,129.564,49,demo_measurement,unit
G3_06,Group 3,115.817,50,demo_measurement,unit
G3_07,Group 3,112.364,1,demo_measurement,unit
G3_07,Group 3,99.099,2,demo_measurement,unit
G3_07,Group 3,110.692,3,demo_measurement,unit
G3_07,Group 3,98.158,4,demo_measurement,unit
G3_07,Group 3,104.760,5,demo_measurement,unit
G3_07,Group 3,131.123,6,demo_measurement,unit
G3_07,Group 3,122.796,7,demo_measurement,unit
G3_07,Group 3,112.776,8,demo_measurement,unit
G3_07,Group 3,124.566,9,demo_measurement,unit
G3_07,Group 3,126.895,10,demo_measurement,unit
G3_07,Group 3,119.557,11,demo_measurement,unit
G3_07,Group 3,121.686,12,demo_measurement,unit
G3_07,Group 3,124.459,13,demo_measurement,unit
G3_07,Group 3,124.182,14,demo_measurement,unit
G3_07,Group 3,111.063,15,demo_measurement,unit
G3_07,Group 3,112.881,16,demo_measurement,unit
G3_07,Group 3,114.320,17,demo_measurement,unit
G3_07,Group 3,122.026,18,demo_measurement,unit
G3_07,Group 3,109.155,19,demo_measurement,unit
G3_07,Group 3,105.610,20,demo_measurement,unit
G3_07,Group 3,112.412,21,demo_measurement,unit
G3_07,Group 3,138.365,22,demo_measurement,unit
G3_07,Group 3,110.679,23,demo_measurement,unit
G3_07,Group 3,121.062,24,demo_measurement,unit
G3_07,Group 3,109.819,25,demo_measurement,unit
G3_07,Group 3,110.045,26,demo_measurement,unit
G3_07,Group 3,133.030,27,demo_measurement,unit
G3_07,Group 3,130.893,28,demo_measurement,unit
G3_07,Group 3,112.514,29,demo_measurement,unit
G3_07,Group 3,102.703,30,demo_measurement,unit
G3_07,Group 3,110.039,31,demo_measurement,unit
G3_07,Group 3,109.150,32,demo_measurement,unit
G3_07,Group 3,94.250,33,demo_measurement,unit
G3_07,Group 3,119.799,34,demo_measurement,unit
G3_07,Group 3,110.521,35,demo_measurement,unit
G3_07,Group 3,118.238,36,demo_measurement,unit
G3_07,Group 3,83.406,37,demo_measurement,unit
G3_07,Group 3,98.012,38,demo_measurement,unit
G3_07,Group 3,89.812,39,demo_measurement,unit
G3_07,Group 3,122.604,40,demo_measurement,unit
G3_07,Group 3,97.180,41,demo_measurement,unit
G3_07,Group 3,100.806,42,demo_measurement,unit
G3_07,Group 3,111.891,43,demo_measurement,unit
G3_07,Group 3,99.140,44,demo_measurement,unit
G3_07,Group 3,113.496,45,demo_measurement,unit
G3_07,Group 3,100.802,46,demo_measurement,unit
G3_07,Group 3,108.613,47,demo_measurement,unit
G3_07,Group 3,107.037,48,demo_measurement,unit
G3_07,Group 3,116.265,49,demo_measurement,unit
G3_07,Group 3,111.032,50,demo_measurement,unit
G3_08,Group 3,122.302,1,demo_measurement,unit
G3_08,Group 3,124.573,2,demo_measurement,unit
G3_08,Group 3,97.411,3,demo_measurement,unit
G3_08,Group 3,93.301,4,demo_measurement,unit
G3_08,Group 3,110.363,5,demo_measurement,unit
G3_08,Group 3,117.398,6,demo_measurement,unit
G3_08,Group 3,124.515,7,demo_measurement,unit
G3_08,Group 3,99.225,8,demo_measurement,unit
G3_08,Group 3,98.827,9,demo_measurement,unit
G3_08,Group 3,134.564,10,demo_measurement,unit
G3_08,Group 3,112.495,11,demo_measurement,unit
G3_08,Group 3,109.921,12,demo_measurement,unit
G3_08,Group 3,123.668,13,demo_measurement,unit
G3_08,Group 3,112.882,14,demo_measurement,unit
G3_08,Group 3,123.317,15,demo_measurement,unit
G3_08,Group 3,135.114,16,demo_measurement,unit
G3_08,Group 3,117.554,17,demo_measurement,unit
G3_08,Group 3,114.592,18,demo_measurement,unit
G3_08,Group 3,118.153,19,demo_measurement,unit
G3_08,Group 3,102.117,20,demo_measurement,unit
G3_08,Group 3,105.913,21,demo_measurement,unit
G3_08,Group 3,109.325,22,demo_measurement,unit
G3_08,Group 3,101.713,23,demo_measurement,unit
G3_08,Group 3,113.343,24,demo_measurement,unit
G3_08,Group 3,122.333,25,demo_measurement,unit
G3_08,Group 3,110.984,26,demo_measurement,unit
G3_08,Group 3,105.846,27,demo_measurement,unit
G3_08,Group 3,123.862,28,demo_measurement,unit
G3_08,Group 3,128.803,29,demo_measurement,unit
G3_08,Group 3,116.978,30,demo_measurement,unit
G3_08,Group 3,106.896,31,demo_measurement,unit
G3_08,Group 3,111.051,32,demo_measurement,unit
G3_08,Group 3,112.428,33,demo_measurement,unit
G3_08,Group 3,127.808,34,demo_measurement,unit
G3_08,Group 3,136.793,35,demo_measurement,unit
G3_08,Group 3,137.976,36,demo_measurement,unit
G3_08,Group 3,108.425,37,demo_measurement,unit
G3_08,Group 3,116.350,38,demo_measurement,unit
G3_08,Group 3,112.276,39,demo_measurement,unit
G3_08,Group 3,123.096,40,demo_measurement,unit
G3_08,Group 3,108.173,41,demo_measurement,unit
G3_08,Group 3,117.298,42,demo_measurement,unit
G3_08,Group 3,131.890,43,demo_measurement,unit
G3_08,Group 3,128.044,44,demo_measurement,unit
G3_08,Group 3,105.033,45,demo_measurement,unit
G3_08,Group 3,125.873,46,demo_measurement,unit
G3_08,Group 3,108.893,47,demo_measurement,unit
G3_08,Group 3,116.815,48,demo_measurement,unit
G3_08,Group 3,129.447,49,demo_measurement,unit
G3_08,Group 3,123.214,50,demo_measurement,unit
G3_09,Group 3,122.987,1,demo_measurement,unit
G3_09,Group 3,109.702,2,demo_measurement,unit
G3_09,Group 3,116.733,3,demo_measurement,unit
G3_09,Group 3,103.062,4,demo_measurement,unit
G3_09,Group 3,113.765,5,demo_measurement,unit
G3_09,Group 3,108.174,6,demo_measurement,unit
G3_09,Group 3,105.601,7,demo_measurement,unit
G3_09,Group 3,109.604,8,demo_measurement,unit
G3_09,Group 3,109.351,9,demo_measurement,unit
G3_09,Group 3,108.068,10,demo_measurement,unit
G3_09,Group 3,114.802,11,demo_measurement,unit
G3_09,Group 3,105.486,12,demo_measurement,unit
G3_09,Group 3,93.834,13,demo_measurement,unit
G3_09,Group 3,115.779,14,demo_measurement,unit
G3_09,Group 3,114.570,15,demo_measurement,unit
G3_09,Group 3,121.027,16,demo_measurement,unit
G3_09,Group 3,134.825,17,demo_measurement,unit
G3_09,Group 3,118.957,18,demo_measurement,unit
G3_09,Group 3,103.175,19,demo_measurement,unit
G3_09,Group 3,86.376,20,demo_measurement,unit
G3_09,Group 3,119.113,21,demo_measurement,unit
G3_09,Group 3,107.800,22,demo_measurement,unit
G3_09,Group 3,98.034,23,demo_measurement,unit
G3_09,Group 3,120.265,24,demo_measurement,unit
G3_09,Group 3,109.546,25,demo_measurement,unit
G3_09,Group 3,131.773,26,demo_measurement,unit
G3_09,Group 3,111.409,27,demo_measurement,unit
G3_09,Group 3,123.005,28,demo_measurement,unit
G3_09,Group 3,108.753,29,demo_measurement,unit
G3_09,Group 3,130.411,30,demo_measurement,unit
G3_09,Group 3,104.201,31,demo_measurement,unit
G3_09,Group 3,114.150,32,demo_measurement,unit
G3_09,Group 3,115.602,33,demo_measurement,unit
G3_09,Group 3,105.050,34,demo_measurement,unit
G3_09,Group 3,107.346,35,demo_measurement,unit
G3_09,Group 3,104.593,36,demo_measurement,unit
G3_09,Group 3,107.861,37,demo_measurement,unit
G3_09,Group 3,131.603,38,demo_measurement,unit
G3_09,Group 3,114.771,39,demo_measurement,unit
G3_09,Group 3,128.693,40,demo_measurement,unit
G3_09,Group 3,109.517,41,demo_measurement,unit
G3_09,Group 3,89.986,42,demo_measurement,unit
G3_09,Group 3,105.645,43,demo_measurement,unit
G3_09,Group 3,100.696,44,demo_measurement,unit
G3_09,Group 3,125.245,45,demo_measurement,unit
G3_09,Group 3,119.507,46,demo_measurement,unit
G3_09,Group 3,126.694,47,demo_measurement,unit
G3_09,Group 3,125.196,48,demo_measurement,unit
G3_09,Group 3,110.564,49,demo_measurement,unit
G3_09,Group 3,123.647,50,demo_measurement,unit
G3_10,Group 3,129.401,1,demo_measurement,unit
G3_10,Group 3,124.691,2,demo_measurement,unit
G3_10,Group 3,95.883,3,demo_measurement,unit
G3_10,Group 3,115.043,4,demo_measurement,unit
G3_10,Group 3,147.213,5,demo_measurement,unit
G3_10,Group 3,111.859,6,demo_measurement,unit
G3_10,Group 3,140.455,7,demo_measurement,unit
G3_10,Group 3,98.500,8,demo_measurement,unit
G3_10,Group 3,106.823,9,demo_measurement,unit
G3_10,Group 3,121.775,10,demo_measurement,unit
G3_10,Group 3,107.888,11,demo_measurement,unit
G3_10,Group 3,95.690,12,demo_measurement,unit
G3_10,Group 3,129.601,13,demo_measurement,unit
G3_10,Group 3,97.575,14,demo_measurement,unit
G3_10,Group 3,97.456,15,demo_measurement,unit
G3_10,Group 3,125.674,16,demo_measurement,unit
G3_10,Group 3,129.382,17,demo_measurement,unit
G3_10,Group 3,117.509,18,demo_measurement,unit
G3_10,Group 3,125.449,19,demo_measurement,unit
G3_10,Group 3,118.357,20,demo_measurement,unit
G3_10,Group 3,100.843,21,demo_measurement,unit
G3_10,Group 3,93.545,22,demo_measurement,unit
G3_10,Group 3,126.320,23,demo_measurement,unit
G3_10,Group 3,114.334,24,demo_measurement,unit
G3_10,Group 3,109.601,25,demo_measurement,unit
G3_10,Group 3,123.439,26,demo_measurement,unit
G3_10,Group 3,103.640,27,demo_measurement,unit
G3_10,Group 3,108.990,28,demo_measurement,unit
G3_10,Group 3,114.075,29,demo_measurement,unit
G3_10,Group 3,115.392,30,demo_measurement,unit
G3_10,Group 3,126.855,31,demo_measurement,unit
G3_10,Group 3,102.311,32,demo_measurement,unit
G3_10,Group 3,103.379,33,demo_measurement,unit
G3_10,Group 3,94.674,34,demo_measurement,unit
G3_10,Group 3,133.604,35,demo_measurement,unit
G3_10,Group 3,86.371,36,demo_measurement,unit
G3_10,Group 3,110.045,37,demo_measurement,unit
G3_10,Group 3,137.620,38,demo_measurement,unit
G3_10,Group 3,105.153,39,demo_measurement,unit
G3_10,Group 3,107.950,40,demo_measurement,unit
G3_10,Group 3,126.723,41,demo_measurement,unit
G3_10,Group 3,97.923,42,demo_measurement,unit
G3_10,Group 3,124.486,43,demo_measurement,unit
G3_10,Group 3,115.955,44,demo_measurement,unit
G3_10,Group 3,132.065,45,demo_measurement,unit
G3_10,Group 3,116.127,46,demo_measurement,unit
G3_10,Group 3,125.941,47,demo_measurement,unit
G3_10,Group 3,121.926,48,demo_measurement,unit
G3_10,Group 3,95.026,49,demo_measurement,unit
G3_10,Group 3,114.761,50,demo_measurement,unit
G3_11,Group 3,87.510,1,demo_measurement,unit
G3_11,Group 3,107.726,2,demo_measurement,unit
G3_11,Group 3,137.254,3,demo_measurement,unit
G3_11,Group 3,103.735,4,demo_measurement,unit
G3_11,Group 3,95.082,5,demo_measurement,unit
G3_11,Group 3,122.643,6,demo_measurement,unit
G3_11,Group 3,110.533,7,demo_measurement,unit
G3_11,Group 3,109.373,8,demo_measurement,unit
G3_11,Group 3,104.639,9,demo_measurement,unit
G3_11,Group 3,107.831,10,demo_measurement,unit
G3_11,Group 3,91.275,11,demo_measurement,unit
G3_11,Group 3,105.750,12,demo_measurement,unit
G3_11,Group 3,102.061,13,demo_measurement,unit
G3_11,Group 3,125.089,14,demo_measurement,unit
G3_11,Group 3,120.032,15,demo_measurement,unit
G3_11,Group 3,124.039,16,demo_measurement,unit
G3_11,Group 3,104.030,17,demo_measurement,unit
G3_11,Group 3,116.120,18,demo_measurement,unit
G3_11,Group 3,95.766,19,demo_measurement,unit
G3_11,Group 3,113.985,20,demo_measurement,unit
G3_11,Group 3,111.731,21,demo_measurement,unit
G3_11,Group 3,113.083,22,demo_measurement,unit
G3_11,Group 3,109.603,23,demo_measurement,unit
G3_11,Group 3,110.558,24,demo_measurement,unit
G3_11,Group 3,97.076,25,demo_measurement,unit
G3_11,Group 3,112.840,26,demo_measurement,unit
G3_11,Group 3,104.932,27,demo_measurement,unit
G3_11,Group 3,117.209,28,demo_measurement,unit
G3_11,Group 3,110.152,29,demo_measurement,unit
G3_11,Group 3,115.323,30,demo_measurement,unit
G3_11,Group 3,134.360,31,demo_measurement,unit
G3_11,Group 3,128.292,32,demo_measurement,unit
G3_11,Group 3,113.206,33,demo_measurement,unit
G3_11,Group 3,110.774,34,demo_measurement,unit
G3_11,Group 3,94.872,35,demo_measurement,unit
G3_11,Group 3,104.014,36,demo_measurement,unit
G3_11,Group 3,103.371,37,demo_measurement,unit
G3_11,Group 3,112.479,38,demo_measurement,unit
G3_11,Group 3,131.651,39,demo_measurement,unit
G3_11,Group 3,124.126,40,demo_measurement,unit
G3_11,Group 3,119.531,41,demo_measurement,unit
G3_11,Group 3,114.512,42,demo_measurement,unit
G3_11,Group 3,110.023,43,demo_measurement,unit
G3_11,Group 3,115.081,44,demo_measurement,unit
G3_11,Group 3,130.585,45,demo_measurement,unit
G3_11,Group 3,112.105,46,demo_measurement,unit
G3_11,Group 3,122.379,47,demo_measurement,unit
G3_11,Group 3,132.065,48,demo_measurement,unit
G3_11,Group 3,122.884,49,demo_measurement,unit
G3_11,Group 3,111.508,50,demo_measurement,unit
G3_12,Group 3,112.157,1,demo_measurement,unit
G3_12,Group 3,134.144,2,demo_measurement,unit
G3_12,Group 3,139.388,3,demo_measurement,unit
G3_12,Group 3,101.880,4,demo_measurement,unit
G3_12,Group 3,123.504,5,demo_measurement,unit
G3_12,Group 3,133.807,6,demo_measurement,unit
G3_12,Group 3,128.168,7,demo_measurement,unit
G3_12,Group 3,107.993,8,demo_measurement,unit
G3_12,Group 3,137.351,9,demo_measurement,unit
G3_12,Group 3,119.663,10,demo_measurement,unit
G3_12,Group 3,116.400,11,demo_measurement,unit
G3_12,Group 3,114.700,12,demo_measurement,unit
G3_12,Group 3,100.446,13,demo_measurement,unit
G3_12,Group 3,133.981,14,demo_measurement,unit
G3_12,Group 3,106.064,15,demo_measurement,unit
G3_12,Group 3,114.741,16,demo_measurement,unit
G3_12,Group 3,121.110,17,demo_measurement,unit
G3_12,Group 3,126.315,18,demo_measurement,unit
G3_12,Group 3,97.976,19,demo_measurement,unit
G3_12,Group 3,126.969,20,demo_measurement,unit
G3_12,Group 3,115.191,21,demo_measurement,unit
G3_12,Group 3,115.619,22,demo_measurement,unit
G3_12,Group 3,123.639,23,demo_measurement,unit
G3_12,Group 3,120.484,24,demo_measurement,unit
G3_12,Group 3,115.965,25,demo_measurement,unit
G3_12,Group 3,112.494,26,demo_measurement,unit
G3_12,Group 3,121.382,27,demo_measurement,unit
G3_12,Group 3,110.404,28,demo_measurement,unit
G3_12,Group 3,121.322,29,demo_measurement,unit
G3_12,Group 3,110.660,30,demo_measurement,unit
G3_12,Group 3,97.823,31,demo_measurement,unit
G3_12,Group 3,92.438,32,demo_measurement,unit
G3_12,Group 3,120.020,33,demo_measurement,unit
G3_12,Group 3,117.210,34,demo_measurement,unit
G3_12,Group 3,121.360,35,demo_measurement,unit
G3_12,Group 3,91.220,36,demo_measurement,unit
G3_12,Group 3,122.274,37,demo_measurement,unit
G3_12,Group 3,111.346,38,demo_measurement,unit
G3_12,Group 3,94.063,39,demo_measurement,unit
G3_12,Group 3,91.752,40,demo_measurement,unit
G3_12,Group 3,103.229,41,demo_measurement,unit
G3_12,Group 3,105.718,42,demo_measurement,unit
G3_12,Group 3,136.623,43,demo_measurement,unit
G3_12,Group 3,132.500,44,demo_measurement,unit
G3_12,Group 3,126.728,45,demo_measurement,unit
G3_12,Group 3,97.557,46,demo_measurement,unit
G3_12,Group 3,98.372,47,demo_measurement,unit
G3_12,Group 3,115.176,48,demo_measurement,unit
G3_12,Group 3,81.690,49,demo_measurement,unit
G3_12,Group 3,138.293,50,demo_measurement,unit
G3_13,Group 3,112.309,1,demo_measurement,unit
G3_13,Group 3,116.208,2,demo_measurement,unit
G3_13,Group 3,112.933,3,demo_measurement,unit
G3_13,Group 3,123.690,4,demo_measurement,unit
G3_13,Group 3,88.933,5,demo_measurement,unit
G3_13,Group 3,133.866,6,demo_measurement,unit
G3_13,Group 3,113.542,7,demo_measurement,unit
G3_13,Group 3,113.934,8,demo_measurement,unit
G3_13,Group 3,96.860,9,demo_measurement,unit
G3_13,Group 3,122.241,10,demo_measurement,unit
G3_13,Group 3,111.847,11,demo_measurement,unit
G3_13,Group 3,109.691,12,demo_measurement,unit
G3_13,Group 3,94.758,13,demo_measurement,unit
G3_13,Group 3,98.897,14,demo_measurement,unit
G3_13,Group 3,137.005,15,demo_measurement,unit
G3_13,Group 3,98.322,16,demo_measurement,unit
G3_13,Group 3,108.592,17,demo_measurement,unit
G3_13,Group 3,126.121,18,demo_measurement,unit
G3_13,Group 3,102.277,19,demo_measurement,unit
G3_13,Group 3,111.862,20,demo_measurement,unit
G3_13,Group 3,113.245,21,demo_measurement,unit
G3_13,Group 3,124.554,22,demo_measurement,unit
G3_13,Group 3,97.437,23,demo_measurement,unit
G3_13,Group 3,120.152,24,demo_measurement,unit
G3_13,Group 3,94.921,25,demo_measurement,unit
G3_13,Group 3,114.052,26,demo_measurement,unit
G3_13,Group 3,116.456,27,demo_measurement,unit
G3_13,Group 3,112.368,28,demo_measurement,unit
G3_13,Group 3,127.973,29,demo_measurement,unit
G3_13,Group 3,145.602,30,demo_measurement,unit
G3_13,Group 3,125.037,31,demo_measurement,unit
G3_13,Group 3,113.451,32,demo_measurement,unit
G3_13,Group 3,107.995,33,demo_measurement,unit
G3_13,Group 3,125.965,34,demo_measurement,unit
G3_13,Group 3,103.587,35,demo_measurement,unit
G3_13,Group 3,115.330,36,demo_measurement,unit
G3_13,Group 3,115.672,37,demo_measurement,unit
G3_13,Group 3,125.330,38,demo_measurement,unit
G3_13,Group 3,123.718,39,demo_measurement,unit
G3_13,Group 3,122.842,40,demo_measurement,unit
G3_13,Group 3,101.579,41,demo_measurement,unit
G3_13,Group 3,108.001,42,demo_measurement,unit
G3_13,Group 3,84.196,43,demo_measurement,unit
G3_13,Group 3,95.054,44,demo_measurement,unit
G3_13,Group 3,114.531,45,demo_measurement,unit
G3_13,Group 3,107.824,46,demo_measurement,unit
G3_13,Group 3,123.120,47,demo_measurement,unit
G3_13,Group 3,124.345,48,demo_measurement,unit
G3_13,Group 3,102.030,49,demo_measurement,unit
G3_13,Group 3,127.788,50,demo_measurement,unit
G3_14,Group 3,111.196,1,demo_measurement,unit
G3_14,Group 3,123.756,2,demo_measurement,unit
G3_14,Group 3,107.026,3,demo_measurement,unit
G3_14,Group 3,94.298,4,demo_measurement,unit
G3_14,Group 3,110.087,5,demo_measurement,unit
G3_14,Group 3,100.582,6,demo_measurement,unit
G3_14,Group 3,104.544,7,demo_measurement,unit
G3_14,Group 3,113.999,8,demo_measurement,unit
G3_14,Group 3,104.162,9,demo_measurement,unit
G3_14,Group 3,103.442,10,demo_measurement,unit
G3_14,Group 3,117.341,11,demo_measurement,unit
G3_14,Group 3,111.720,12,demo_measurement,unit
G3_14,Group 3,121.075,13,demo_measurement,unit
G3_14,Group 3,99.273,14,demo_measurement,unit
G3_14,Group 3,111.585,15,demo_measurement,unit
G3_14,Group 3,113.128,16,demo_measurement,unit
G3_14,Group 3,118.278,17,demo_measurement,unit
G3_14,Group 3,116.706,18,demo_measurement,unit
G3_14,Group 3,140.138,19,demo_measurement,unit
G3_14,Group 3,118.922,20,demo_measurement,unit
G3_14,Group 3,135.598,21,demo_measurement,unit
G3_14,Group 3,132.068,22,demo_measurement,unit
G3_14,Group 3,107.790,23,demo_measurement,unit
G3_14,Group 3,112.614,24,demo_measurement,unit
G3_14,Group 3,109.200,25,demo_measurement,unit
G3_14,Group 3,122.936,26,demo_measurement,unit
G3_14,Group 3,99.342,27,demo_measurement,unit
G3_14,Group 3,117.740,28,demo_measurement,unit
G3_14,Group 3,106.963,29,demo_measurement,unit
G3_14,Group 3,121.604,30,demo_measurement,unit
G3_14,Group 3,126.784,31,demo_measurement,unit
G3_14,Group 3,123.314,32,demo_measurement,unit
G3_14,Group 3,109.631,33,demo_measurement,unit
G3_14,Group 3,118.999,34,demo_measurement,unit
G3_14,Group 3,128.440,35,demo_measurement,unit
G3_14,Group 3,99.583,36,demo_measurement,unit
G3_14,Group 3,110.705,37,demo_measurement,unit
G3_14,Group 3,117.287,38,demo_measurement,unit
G3_14,Group 3,95.392,39,demo_measurement,unit
G3_14,Group 3,109.960,40,demo_measurement,unit
G3_14,Group 3,127.559,41,demo_measurement,unit
G3_14,Group 3,111.340,42,demo_measurement,unit
G3_14,Group 3,130.722,43,demo_measurement,unit
G3_14,Group 3,95.052,44,demo_measurement,unit
G3_14,Group 3,115.223,45,demo_measurement,unit
G3_14,Group 3,117.766,46,demo_measurement,unit
G3_14,Group 3,124.152,47,demo_measurement,unit
G3_14,Group 3,103.821,48,demo_measurement,unit
G3_14,Group 3,113.381,49,demo_measurement,unit
G3_14,Group 3,140.497,50,demo_measurement,unit
G3_15,Group 3,132.690,1,demo_measurement,unit
G3_15,Group 3,87.434,2,demo_measurement,unit
G3_15,Group 3,120.698,3,demo_measurement,unit
G3_15,Group 3,96.954,4,demo_measurement,unit
G3_15,Group 3,117.953,5,demo_measurement,unit
G3_15,Group 3,117.722,6,demo_measurement,unit
G3_15,Group 3,122.390,7,demo_measurement,unit
G3_15,Group 3,96.087,8,demo_measurement,unit
G3_15,Group 3,104.963,9,demo_measurement,unit
G3_15,Group 3,100.972,10,demo_measurement,unit
G3_15,Group 3,124.789,11,demo_measurement,unit
G3_15,Group 3,109.914,12,demo_measurement,unit
G3_15,Group 3,94.311,13,demo_measurement,unit
G3_15,Group 3,135.750,14,demo_measurement,unit
G3_15,Group 3,131.760,15,demo_measurement,unit
G3_15,Group 3,119.598,16,demo_measurement,unit
G3_15,Group 3,100.682,17,demo_measurement,unit
G3_15,Group 3,132.072,18,demo_measurement,unit
G3_15,Group 3,90.519,19,demo_measurement,unit
G3_15,Group 3,93.923,20,demo_measurement,unit
G3_15,Group 3,120.695,21,demo_measurement,unit
G3_15,Group 3,113.580,22,demo_measurement,unit
G3_15,Group 3,112.282,23,demo_measurement,unit
G3_15,Group 3,99.984,24,demo_measurement,unit
G3_15,Group 3,123.577,25,demo_measurement,unit
G3_15,Group 3,117.369,26,demo_measurement,unit
G3_15,Group 3,133.739,27,demo_measurement,unit
G3_15,Group 3,117.509,28,demo_measurement,unit
G3_15,Group 3,129.567,29,demo_measurement,unit
G3_15,Group 3,97.235,30,demo_measurement,unit
G3_15,Group 3,129.275,31,demo_measurement,unit
G3_15,Group 3,99.081,32,demo_measurement,unit
G3_15,Group 3,100.635,33,demo_measurement,unit
G3_15,Group 3,116.146,34,demo_measurement,unit
G3_15,Group 3,114.331,35,demo_measurement,unit
G3_15,Group 3,94.652,36,demo_measurement,unit
G3_15,Group 3,129.721,37,demo_measurement,unit
G3_15,Group 3,102.750,38,demo_measurement,unit
G3_15,Group 3,140.191,39,demo_measurement,unit
G3_15,Group 3,110.663,40,demo_measurement,unit
G3_15,Group 3,108.643,41,demo_measurement,unit
G3_15,Group 3,115.055,42,demo_measurement,unit
G3_15,Group 3,111.722,43,demo_measurement,unit
G3_15,Group 3,109.813,44,demo_measurement,unit
G3_15,Group 3,111.182,45,demo_measurement,unit
G3_15,Group 3,103.297,46,demo_measurement,unit
G3_15,Group 3,132.768,47,demo_measurement,unit
G3_15,Group 3,93.264,48,demo_measurement,unit
G3_15,Group 3,121.713,49,demo_measurement,unit
G3_15,Group 3,119.517,50,demo_measurement,unit
G3_16,Group 3,117.680,1,demo_measurement,unit
G3_16,Group 3,124.808,2,demo_measurement,unit
G3_16,Group 3,114.748,3,demo_measurement,unit
G3_16,Group 3,116.783,4,demo_measurement,unit
G3_16,Group 3,102.051,5,demo_measurement,unit
G3_16,Group 3,115.640,6,demo_measurement,unit
G3_16,Group 3,124.921,7,demo_measurement,unit
G3_16,Group 3,120.825,8,demo_measurement,unit
G3_16,Group 3,90.781,9,demo_measurement,unit
G3_16,Group 3,119.993,10,demo_measurement,unit
G3_16,Group 3,126.467,11,demo_measurement,unit
G3_16,Group 3,95.212,12,demo_measurement,unit
G3_16,Group 3,94.800,13,demo_measurement,unit
G3_16,Group 3,107.147,14,demo_measurement,unit
G3_16,Group 3,112.962,15,demo_measurement,unit
G3_16,Group 3,103.356,16,demo_measurement,unit
G3_16,Group 3,75.046,17,demo_measurement,unit
G3_16,Group 3,105.523,18,demo_measurement,unit
G3_16,Group 3,111.684,19,demo_measurement,unit
G3_16,Group 3,99.146,20,demo_measurement,unit
G3_16,Group 3,111.695,21,demo_measurement,unit
G3_16,Group 3,126.474,22,demo_measurement,unit
G3_16,Group 3,115.653,23,demo_measurement,unit
G3_16,Group 3,116.798,24,demo_measurement,unit
G3_16,Group 3,123.012,25,demo_measurement,unit
G3_16,Group 3,124.037,26,demo_measurement,unit
G3_16,Group 3,87.101,27,demo_measurement,unit
G3_16,Group 3,121.248,28,demo_measurement,unit
G3_16,Group 3,109.189,29,demo_measurement,unit
G3_16,Group 3,91.605,30,demo_measurement,unit
G3_16,Group 3,108.169,31,demo_measurement,unit
G3_16,Group 3,97.608,32,demo_measurement,unit
G3_16,Group 3,104.796,33,demo_measurement,unit
G3_16,Group 3,111.433,34,demo_measurement,unit
G3_16,Group 3,123.689,35,demo_measurement,unit
G3_16,Group 3,117.473,36,demo_measurement,unit
G3_16,Group 3,125.864,37,demo_measurement,unit
G3_16,Group 3,104.731,38,demo_measurement,unit
G3_16,Group 3,131.860,39,demo_measurement,unit
G3_16,Group 3,116.771,40,demo_measurement,unit
G3_16,Group 3,114.099,41,demo_measurement,unit
G3_16,Group 3,125.970,42,demo_measurement,unit
G3_16,Group 3,125.310,43,demo_measurement,unit
G3_16,Group 3,108.106,44,demo_measurement,unit
G3_16,Group 3,128.967,45,demo_measurement,unit
G3_16,Group 3,117.672,46,demo_measurement,unit
G3_16,Group 3,126.184,47,demo_measurement,unit
G3_16,Group 3,114.533,48,demo_measurement,unit
G3_16,Group 3,113.670,49,demo_measurement,unit
G3_16,Group 3,97.750,50,demo_measurement,unit
G3_17,Group 3,127.607,1,demo_measurement,unit
G3_17,Group 3,107.249,2,demo_measurement,unit
G3_17,Group 3,94.143,3,demo_measurement,unit
G3_17,Group 3,97.038,4,demo_measurement,unit
G3_17,Group 3,119.184,5,demo_measurement,unit
G3_17,Group 3,111.125,6,demo_measurement,unit
G3_17,Group 3,109.371,7,demo_measurement,unit
G3_17,Group 3,132.890,8,demo_measurement,unit
G3_17,Group 3,97.531,9,demo_measurement,unit
G3_17,Group 3,112.978,10,demo_measurement,unit
G3_17,Group 3,98.087,11,demo_measurement,unit
G3_17,Group 3,123.483,12,demo_measurement,unit
G3_17,Group 3,69.937,13,demo_measurement,unit
G3_17,Group 3,129.883,14,demo_measurement,unit
G3_17,Group 3,129.397,15,demo_measurement,unit
G3_17,Group 3,110.733,16,demo_measurement,unit
G3_17,Group 3,109.536,17,demo_measurement,unit
G3_17,Group 3,110.407,18,demo_measurement,unit
G3_17,Group 3,87.423,19,demo_measurement,unit
G3_17,Group 3,115.833,20,demo_measurement,unit
G3_17,Group 3,109.058,21,demo_measurement,unit
G3_17,Group 3,108.787,22,demo_measurement,unit
G3_17,Group 3,108.185,23,demo_measurement,unit
G3_17,Group 3,134.225,24,demo_measurement,unit
G3_17,Group 3,111.666,25,demo_measurement,unit
G3_17,Group 3,100.625,26,demo_measurement,unit
G3_17,Group 3,131.514,27,demo_measurement,unit
G3_17,Group 3,119.100,28,demo_measurement,unit
G3_17,Group 3,98.585,29,demo_measurement,unit
G3_17,Group 3,91.972,30,demo_measurement,unit
G3_17,Group 3,96.505,31,demo_measurement,unit
G3_17,Group 3,110.949,32,demo_measurement,unit
G3_17,Group 3,126.977,33,demo_measurement,unit
G3_17,Group 3,127.635,34,demo_measurement,unit
G3_17,Group 3,103.255,35,demo_measurement,unit
G3_17,Group 3,111.794,36,demo_measurement,unit
G3_17,Group 3,114.205,37,demo_measurement,unit
G3_17,Group 3,114.975,38,demo_measurement,unit
G3_17,Group 3,126.576,39,demo_measurement,unit
G3_17,Group 3,113.950,40,demo_measurement,unit
G3_17,Group 3,117.250,41,demo_measurement,unit
G3_17,Group 3,115.957,42,demo_measurement,unit
G3_17,Group 3,124.332,43,demo_measurement,unit
G3_17,Group 3,101.469,44,demo_measurement,unit
G3_17,Group 3,110.350,45,demo_measurement,unit
G3_17,Group 3,125.125,46,demo_measurement,unit
G3_17,Group 3,90.790,47,demo_measurement,unit
G3_17,Group 3,124.990,48,demo_measurement,unit
G3_17,Group 3,108.471,49,demo_measurement,unit
G3_17,Group 3,126.899,50,demo_measurement,unit
G3_18,Group 3,114.258,1,demo_measurement,unit
G3_18,Group 3,110.082,2,demo_measurement,unit
G3_18,Group 3,119.943,3,demo_measurement,unit
G3_18,Group 3,91.882,4,demo_measurement,unit
G3_18,Group 3,124.705,5,demo_measurement,unit
G3_18,Group 3,98.199,6,demo_measurement,unit
G3_18,Group 3,129.321,7,demo_measurement,unit
G3_18,Group 3,102.993,8,demo_measurement,unit
G3_18,Group 3,106.368,9,demo_measurement,unit
G3_18,Group 3,101.816,10,demo_measurement,unit
G3_18,Group 3,97.108,11,demo_measurement,unit
G3_18,Group 3,112.481,12,demo_measurement,unit
G3_18,Group 3,87.596,13,demo_measurement,unit
G3_18,Group 3,124.057,14,demo_measurement,unit
G3_18,Group 3,113.706,15,demo_measurement,unit
G3_18,Group 3,109.440,16,demo_measurement,unit
G3_18,Group 3,95.871,17,demo_measurement,unit
G3_18,Group 3,127.289,18,demo_measurement,unit
G3_18,Group 3,105.765,19,demo_measurement,unit
G3_18,Group 3,127.300,20,demo_measurement,unit
G3_18,Group 3,113.289,21,demo_measurement,unit
G3_18,Group 3,114.381,22,demo_measurement,unit
G3_18,Group 3,103.007,23,demo_measurement,unit
G3_18,Group 3,115.697,24,demo_measurement,unit
G3_18,Group 3,126.338,25,demo_measurement,unit
G3_18,Group 3,119.124,26,demo_measurement,unit
G3_18,Group 3,118.904,27,demo_measurement,unit
G3_18,Group 3,127.943,28,demo_measurement,unit
G3_18,Group 3,94.008,29,demo_measurement,unit
G3_18,Group 3,137.041,30,demo_measurement,unit
G3_18,Group 3,79.640,31,demo_measurement,unit
G3_18,Group 3,105.734,32,demo_measurement,unit
G3_18,Group 3,117.938,33,demo_measurement,unit
G3_18,Group 3,105.862,34,demo_measurement,unit
G3_18,Group 3,117.564,35,demo_measurement,unit
G3_18,Group 3,143.212,36,demo_measurement,unit
G3_18,Group 3,110.197,37,demo_measurement,unit
G3_18,Group 3,96.633,38,demo_measurement,unit
G3_18,Group 3,140.298,39,demo_measurement,unit
G3_18,Group 3,104.351,40,demo_measurement,unit
G3_18,Group 3,104.797,41,demo_measurement,unit
G3_18,Group 3,127.629,42,demo_measurement,unit
G3_18,Group 3,130.750,43,demo_measurement,unit
G3_18,Group 3,121.268,44,demo_measurement,unit
G3_18,Group 3,98.432,45,demo_measurement,unit
G3_18,Group 3,138.744,46,demo_measurement,unit
G3_18,Group 3,108.331,47,demo_measurement,unit
G3_18,Group 3,122.852,48,demo_measurement,unit
G3_18,Group 3,87.299,49,demo_measurement,unit
G3_18,Group 3,124.033,50,demo_measurement,unit
G3_19,Group 3,108.482,1,demo_measurement,unit
G3_19,Group 3,119.881,2,demo_measurement,unit
G3_19,Group 3,136.065,3,demo_measurement,unit
G3_19,Group 3,101.280,4,demo_measurement,unit
G3_19,Group 3,129.978,5,demo_measurement,unit
G3_19,Group 3,112.259,6,demo_measurement,unit
G3_19,Group 3,124.200,7,demo_measurement,unit
G3_19,Group 3,109.785,8,demo_measurement,unit
G3_19,Group 3,112.821,9,demo_measurement,unit
G3_19,Group 3,120.814,10,demo_measurement,unit
G3_19,Group 3,109.560,11,demo_measurement,unit
G3_19,Group 3,131.406,12,demo_measurement,unit
G3_19,Group 3,108.025,13,demo_measurement,unit
G3_19,Group 3,121.023,14,demo_measurement,unit
G3_19,Group 3,112.444,15,demo_measurement,unit
G3_19,Group 3,129.641,16,demo_measurement,unit
G3_19,Group 3,125.921,17,demo_measurement,unit
G3_19,Group 3,103.252,18,demo_measurement,unit
G3_19,Group 3,127.996,19,demo_measurement,unit
G3_19,Group 3,116.067,20,demo_measurement,unit
G3_19,Group 3,98.724,21,demo_measurement,unit
G3_19,Group 3,113.945,22,demo_measurement,unit
G3_19,Group 3,103.428,23,demo_measurement,unit
G3_19,Group 3,112.424,24,demo_measurement,unit
G3_19,Group 3,92.539,25,demo_measurement,unit
G3_19,Group 3,113.024,26,demo_measurement,unit
G3_19,Group 3,101.243,27,demo_measurement,unit
G3_19,Group 3,115.636,28,demo_measurement,unit
G3_19,Group 3,107.869,29,demo_measurement,unit
G3_19,Group 3,126.255,30,demo_measurement,unit
G3_19,Group 3,128.618,31,demo_measurement,unit
G3_19,Group 3,95.346,32,demo_measurement,unit
G3_19,Group 3,124.732,33,demo_measurement,unit
G3_19,Group 3,110.913,34,demo_measurement,unit
G3_19,Group 3,106.287,35,demo_measurement,unit
G3_19,Group 3,92.171,36,demo_measurement,unit
G3_19,Group 3,114.100,37,demo_measurement,unit
G3_19,Group 3,111.522,38,demo_measurement,unit
G3_19,Group 3,125.559,39,demo_measurement,unit
G3_19,Group 3,129.221,40,demo_measurement,unit
G3_19,Group 3,117.160,41,demo_measurement,unit
G3_19,Group 3,116.466,42,demo_measurement,unit
G3_19,Group 3,127.753,43,demo_measurement,unit
G3_19,Group 3,135.309,44,demo_measurement,unit
G3_19,Group 3,100.141,45,demo_measurement,unit
G3_19,Group 3,106.639,46,demo_measurement,unit
G3_19,Group 3,129.631,47,demo_measurement,unit
G3_19,Group 3,117.799,48,demo_measurement,unit
G3_19,Group 3,128.738,49,demo_measurement,unit
G3_19,Group 3,122.593,50,demo_measurement,unit
G3_20,Group 3,86.820,1,demo_measurement,unit
G3_20,Group 3,102.028,2,demo_measurement,unit
G3_20,Group 3,121.979,3,demo_measurement,unit
G3_20,Group 3,85.322,4,demo_measurement,unit
G3_20,Group 3,121.663,5,demo_measurement,unit
G3_20,Group 3,120.482,6,demo_measurement,unit
G3_20,Group 3,113.015,7,demo_measurement,unit
G3_20,Group 3,121.227,8,demo_measurement,unit
G3_20,Group 3,130.359,9,demo_measurement,unit
G3_20,Group 3,102.315,10,demo_measurement,unit
G3_20,Group 3,127.302,11,demo_measurement,unit
G3_20,Group 3,106.519,12,demo_measurement,unit
G3_20,Group 3,112.833,13,demo_measurement,unit
G3_20,Group 3,102.099,14,demo_measurement,unit
G3_20,Group 3,116.564,15,demo_measurement,unit
G3_20,Group 3,123.083,16,demo_measurement,unit
G3_20,Group 3,101.179,17,demo_measurement,unit
G3_20,Group 3,126.722,18,demo_measurement,unit
G3_20,Group 3,122.194,19,demo_measurement,unit
G3_20,Group 3,123.410,20,demo_measurement,unit
G3_20,Group 3,135.744,21,demo_measurement,unit
G3_20,Group 3,119.808,22,demo_measurement,unit
G3_20,Group 3,102.351,23,demo_measurement,unit
G3_20,Group 3,106.303,24,demo_measurement,unit
G3_20,Group 3,126.509,25,demo_measurement,unit
G3_20,Group 3,112.747,26,demo_measurement,unit
G3_20,Group 3,97.714,27,demo_measurement,unit
G3_20,Group 3,99.748,28,demo_measurement,unit
G3_20,Group 3,114.679,29,demo_measurement,unit
G3_20,Group 3,103.621,30,demo_measurement,unit
G3_20,Group 3,97.556,31,demo_measurement,unit
G3_20,Group 3,109.604,32,demo_measurement,unit
G3_20,Group 3,114.600,33,demo_measurement,unit
G3_20,Group 3,146.636,34,demo_measurement,unit
G3_20,Group 3,110.942,35,demo_measurement,unit
G3_20,Group 3,108.223,36,demo_measurement,unit
G3_20,Group 3,83.066,37,demo_measurement,unit
G3_20,Group 3,105.141,38,demo_measurement,unit
G3_20,Group 3,91.474,39,demo_measurement,unit
G3_20,Group 3,95.601,40,demo_measurement,unit
G3_20,Group 3,95.371,41,demo_measurement,unit
G3_20,Group 3,123.451,42,demo_measurement,unit
G3_20,Group 3,115.912,43,demo_measurement,unit
G3_20,Group 3,120.445,44,demo_measurement,unit
G3_20,Group 3,106.645,45,demo_measurement,unit
G3_20,Group 3,124.444,46,demo_measurement,unit
G3_20,Group 3,115.624,47,demo_measurement,unit
G3_20,Group 3,106.465,48,demo_measurement,unit
G3_20,Group 3,98.368,49,demo_measurement,unit
G3_20,Group 3,124.033,50,demo_measurement,unit
G3_21,Group 3,126.744,1,demo_measurement,unit
G3_21,Group 3,101.640,2,demo_measurement,unit
G3_21,Group 3,108.192,3,demo_measurement,unit
G3_21,Group 3,124.759,4,demo_measurement,unit
G3_21,Group 3,121.147,5,demo_measurement,unit
G3_21,Group 3,99.668,6,demo_measurement,unit
G3_21,Group 3,127.905,7,demo_measurement,unit
G3_21,Group 3,106.062,8,demo_measurement,unit
G3_21,Group 3,128.190,9,demo_measurement,unit
G3_21,Group 3,111.905,10,demo_measurement,unit
G3_21,Group 3,103.793,11,demo_measurement,unit
G3_21,Group 3,97.226,12,demo_measurement,unit
G3_21,Group 3,120.385,13,demo_measurement,unit
G3_21,Group 3,109.742,14,demo_measurement,unit
G3_21,Group 3,116.965,15,demo_measurement,unit
G3_21,Group 3,109.108,16,demo_measurement,unit
G3_21,Group 3,109.000,17,demo_measurement,unit
G3_21,Group 3,130.824,18,demo_measurement,unit
G3_21,Group 3,117.732,19,demo_measurement,unit
G3_21,Group 3,123.718,20,demo_measurement,unit
G3_21,Group 3,101.808,21,demo_measurement,unit
G3_21,Group 3,131.663,22,demo_measurement,unit
G3_21,Group 3,120.784,23,demo_measurement,unit
G3_21,Group 3,106.085,24,demo_measurement,unit
G3_21,Group 3,110.271,25,demo_measurement,unit
G3_21,Group 3,106.619,26,demo_measurement,unit
G3_21,Group 3,109.868,27,demo_measurement,unit
G3_21,Group 3,140.182,28,demo_measurement,unit
G3_21,Group 3,92.026,29,demo_measurement,unit
G3_21,Group 3,112.091,30,demo_measurement,unit
G3_21,Group 3,125.406,31,demo_measurement,unit
G3_21,Group 3,113.349,32,demo_measurement,unit
G3_21,Group 3,123.597,33,demo_measurement,unit
G3_21,Group 3,112.986,34,demo_measurement,unit
G3_21,Group 3,114.825,35,demo_measurement,unit
G3_21,Group 3,110.515,36,demo_measurement,unit
G3_21,Group 3,126.331,37,demo_measurement,unit
G3_21,Group 3,107.712,38,demo_measurement,unit
G3_21,Group 3,113.584,39,demo_measurement,unit
G3_21,Group 3,122.392,40,demo_measurement,unit
G3_21,Group 3,124.002,41,demo_measurement,unit
G3_21,Group 3,112.753,42,demo_measurement,unit
G3_21,Group 3,124.972,43,demo_measurement,unit
G3_21,Group 3,119.035,44,demo_measurement,unit
G3_21,Group 3,109.594,45,demo_measurement,unit
G3_21,Group 3,133.294,46,demo_measurement,unit
G3_21,Group 3,84.315,47,demo_measurement,unit
G3_21,Group 3,129.469,48,demo_measurement,unit
G3_21,Group 3,104.828,49,demo_measurement,unit
G3_21,Group 3,107.108,50,demo_measurement,unit
G3_22,Group 3,134.550,1,demo_measurement,unit
G3_22,Group 3,118.927,2,demo_measurement,unit
G3_22,Group 3,120.538,3,demo_measurement,unit
G3_22,Group 3,113.614,4,demo_measurement,unit
G3_22,Group 3,123.523,5,demo_measurement,unit
G3_22,Group 3,130.415,6,demo_measurement,unit
G3_22,Group 3,129.672,7,demo_measurement,unit
G3_22,Group 3,119.565,8,demo_measurement,unit
G3_22,Group 3,137.408,9,demo_measurement,unit
G3_22,Group 3,109.532,10,demo_measurement,unit
G3_22,Group 3,90.477,11,demo_measurement,unit
G3_22,Group 3,122.896,12,demo_measurement,unit
G3_22,Group 3,116.295,13,demo_measurement,unit
G3_22,Group 3,109.410,14,demo_measurement,unit
G3_22,Group 3,102.497,15,demo_measurement,unit
G3_22,Group 3,123.899,16,demo_measurement,unit
G3_22,Group 3,130.159,17,demo_measurement,unit
G3_22,Group 3,106.601,18,demo_measurement,unit
G3_22,Group 3,119.556,19,demo_measurement,unit
G3_22,Group 3,111.984,20,demo_measurement,unit
G3_22,Group 3,118.075,21,demo_measurement,unit
G3_22,Group 3,126.364,22,demo_measurement,unit
G3_22,Group 3,106.987,23,demo_measurement,unit
G3_22,Group 3,107.470,24,demo_measurement,unit
G3_22,Group 3,109.623,25,demo_measurement,unit
G3_22,Group 3,137.440,26,demo_measurement,unit
G3_22,Group 3,96.136,27,demo_measurement,unit
G3_22,Group 3,106.382,28,demo_measurement,unit
G3_22,Group 3,105.375,29,demo_measurement,unit
G3_22,Group 3,129.911,30,demo_measurement,unit
G3_22,Group 3,117.469,31,demo_measurement,unit
G3_22,Group 3,121.267,32,demo_measurement,unit
G3_22,Group 3,110.334,33,demo_measurement,unit
G3_22,Group 3,83.161,34,demo_measurement,unit
G3_22,Group 3,96.900,35,demo_measurement,unit
G3_22,Group 3,103.887,36,demo_measurement,unit
G3_22,Group 3,95.168,37,demo_measurement,unit
G3_22,Group 3,97.722,38,demo_measurement,unit
G3_22,Group 3,107.421,39,demo_measurement,unit
G3_22,Group 3,97.433,40,demo_measurement,unit
G3_22,Group 3,124.411,41,demo_measurement,unit
G3_22,Group 3,109.179,42,demo_measurement,unit
G3_22,Group 3,109.596,43,demo_measurement,unit
G3_22,Group 3,141.446,44,demo_measurement,unit
G3_22,Group 3,133.344,45,demo_measurement,unit
G3_22,Group 3,106.533,46,demo_measurement,unit
G3_22,Group 3,109.596,47,demo_measurement,unit
G3_22,Group 3,104.449,48,demo_measurement,unit
G3_22,Group 3,119.369,49,demo_measurement,unit
G3_22,Group 3,110.938,50,demo_measurement,unit
G3_23,Group 3,113.497,1,demo_measurement,unit
G3_23,Group 3,104.178,2,demo_measurement,unit
G3_23,Group 3,116.677,3,demo_measurement,unit
G3_23,Group 3,121.644,4,demo_measurement,unit
G3_23,Group 3,103.251,5,demo_measurement,unit
G3_23,Group 3,98.031,6,demo_measurement,unit
G3_23,Group 3,99.079,7,demo_measurement,unit
G3_23,Group 3,110.430,8,demo_measurement,unit
G3_23,Group 3,110.227,9,demo_measurement,unit
G3_23,Group 3,100.771,10,demo_measurement,unit
G3_23,Group 3,99.950,11,demo_measurement,unit
G3_23,Group 3,95.561,12,demo_measurement,unit
G3_23,Group 3,113.646,13,demo_measurement,unit
G3_23,Group 3,114.901,14,demo_measurement,unit
G3_23,Group 3,122.487,15,demo_measurement,unit
G3_23,Group 3,118.088,16,demo_measurement,unit
G3_23,Group 3,132.769,17,demo_measurement,unit
G3_23,Group 3,120.687,18,demo_measurement,unit
G3_23,Group 3,122.830,19,demo_measurement,unit
G3_23,Group 3,114.956,20,demo_measurement,unit
G3_23,Group 3,122.179,21,demo_measurement,unit
G3_23,Group 3,103.860,22,demo_measurement,unit
G3_23,Group 3,113.547,23,demo_measurement,unit
G3_23,Group 3,123.536,24,demo_measurement,unit
G3_23,Group 3,123.271,25,demo_measurement,unit
G3_23,Group 3,123.516,26,demo_measurement,unit
G3_23,Group 3,110.616,27,demo_measurement,unit
G3_23,Group 3,112.601,28,demo_measurement,unit
G3_23,Group 3,131.320,29,demo_measurement,unit
G3_23,Group 3,99.777,30,demo_measurement,unit
G3_23,Group 3,92.697,31,demo_measurement,unit
G3_23,Group 3,123.660,32,demo_measurement,unit
G3_23,Group 3,116.381,33,demo_measurement,unit
G3_23,Group 3,137.057,34,demo_measurement,unit
G3_23,Group 3,100.516,35,demo_measurement,unit
G3_23,Group 3,116.195,36,demo_measurement,unit
G3_23,Group 3,111.787,37,demo_measurement,unit
G3_23,Group 3,122.221,38,demo_measurement,unit
G3_23,Group 3,126.527,39,demo_measurement,unit
G3_23,Group 3,112.802,40,demo_measurement,unit
G3_23,Group 3,95.679,41,demo_measurement,unit
G3_23,Group 3,106.535,42,demo_measurement,unit
G3_23,Group 3,119.143,43,demo_measurement,unit
G3_23,Group 3,88.152,44,demo_measurement,unit
G3_23,Group 3,111.111,45,demo_measurement,unit
G3_23,Group 3,120.860,46,demo_measurement,unit
G3_23,Group 3,118.281,47,demo_measurement,unit
G3_23,Group 3,106.588,48,demo_measurement,unit
G3_23,Group 3,110.929,49,demo_measurement,unit
G3_23,Group 3,100.226,50,demo_measurement,unit
G3_24,Group 3,99.838,1,demo_measurement,unit
G3_24,Group 3,122.772,2,demo_measurement,unit
G3_24,Group 3,115.274,3,demo_measurement,unit
G3_24,Group 3,124.303,4,demo_measurement,unit
G3_24,Group 3,131.670,5,demo_measurement,unit
G3_24,Group 3,80.401,6,demo_measurement,unit
G3_24,Group 3,116.251,7,demo_measurement,unit
G3_24,Group 3,112.449,8,demo_measurement,unit
G3_24,Group 3,100.729,9,demo_measurement,unit
G3_24,Group 3,128.220,10,demo_measurement,unit
G3_24,Group 3,118.300,11,demo_measurement,unit
G3_24,Group 3,118.665,12,demo_measurement,unit
G3_24,Group 3,117.120,13,demo_measurement,unit
G3_24,Group 3,109.973,14,demo_measurement,unit
G3_24,Group 3,101.344,15,demo_measurement,unit
G3_24,Group 3,108.368,16,demo_measurement,unit
G3_24,Group 3,107.237,17,demo_measurement,unit
G3_24,Group 3,92.693,18,demo_measurement,unit
G3_24,Group 3,115.503,19,demo_measurement,unit
G3_24,Group 3,138.642,20,demo_measurement,unit
G3_24,Group 3,100.760,21,demo_measurement,unit
G3_24,Group 3,89.595,22,demo_measurement,unit
G3_24,Group 3,139.128,23,demo_measurement,unit
G3_24,Group 3,115.580,24,demo_measurement,unit
G3_24,Group 3,102.292,25,demo_measurement,unit
G3_24,Group 3,113.302,26,demo_measurement,unit
G3_24,Group 3,137.082,27,demo_measurement,unit
G3_24,Group 3,98.879,28,demo_measurement,unit
G3_24,Group 3,110.715,29,demo_measurement,unit
G3_24,Group 3,128.925,30,demo_measurement,unit
G3_24,Group 3,125.280,31,demo_measurement,unit
G3_24,Group 3,121.478,32,demo_measurement,unit
G3_24,Group 3,109.872,33,demo_measurement,unit
G3_24,Group 3,113.560,34,demo_measurement,unit
G3_24,Group 3,124.273,35,demo_measurement,unit
G3_24,Group 3,136.858,36,demo_measurement,unit
G3_24,Group 3,132.082,37,demo_measurement,unit
G3_24,Group 3,105.746,38,demo_measurement,unit
G3_24,Group 3,117.799,39,demo_measurement,unit
G3_24,Group 3,124.777,40,demo_measurement,unit
G3_24,Group 3,112.344,41,demo_measurement,unit
G3_24,Group 3,98.055,42,demo_measurement,unit
G3_24,Group 3,134.311,43,demo_measurement,unit
G3_24,Group 3,123.205,44,demo_measurement,unit
G3_24,Group 3,133.394,45,demo_measurement,unit
G3_24,Group 3,121.148,46,demo_measurement,unit
G3_24,Group 3,107.727,47,demo_measurement,unit
G3_24,Group 3,144.437,48,demo_measurement,unit
G3_24,Group 3,107.906,49,demo_measurement,unit
G3_24,Group 3,99.418,50,demo_measurement,unit
G3_25,Group 3,100.028,1,demo_measurement,unit
G3_25,Group 3,116.481,2,demo_measurement,unit
G3_25,Group 3,119.766,3,demo_measurement,unit
G3_25,Group 3,125.676,4,demo_measurement,unit
G3_25,Group 3,126.717,5,demo_measurement,unit
G3_25,Group 3,100.199,6,demo_measurement,unit
G3_25,Group 3,104.391,7,demo_measurement,unit
G3_25,Group 3,114.885,8,demo_measurement,unit
G3_25,Group 3,106.352,9,demo_measurement,unit
G3_25,Group 3,121.697,10,demo_measurement,unit
G3_25,Group 3,131.340,11,demo_measurement,unit
G3_25,Group 3,107.940,12,demo_measurement,unit
G3_25,Group 3,102.696,13,demo_measurement,unit
G3_25,Group 3,128.935,14,demo_measurement,unit
G3_25,Group 3,120.647,15,demo_measurement,unit
G3_25,Group 3,113.352,16,demo_measurement,unit
G3_25,Group 3,99.271,17,demo_measurement,unit
G3_25,Group 3,117.310,18,demo_measurement,unit
G3_25,Group 3,120.544,19,demo_measurement,unit
G3_25,Group 3,108.339,20,demo_measurement,unit
G3_25,Group 3,120.908,21,demo_measurement,unit
G3_25,Group 3,126.628,22,demo_measurement,unit
G3_25,Group 3,131.789,23,demo_measurement,unit
G3_25,Group 3,99.930,24,demo_measurement,unit
G3_25,Group 3,126.122,25,demo_measurement,unit
G3_25,Group 3,113.127,26,demo_measurement,unit
G3_25,Group 3,124.809,27,demo_measurement,unit
G3_25,Group 3,112.850,28,demo_measurement,unit
G3_25,Group 3,107.401,29,demo_measurement,unit
G3_25,Group 3,143.163,30,demo_measurement,unit
G3_25,Group 3,121.112,31,demo_measurement,unit
G3_25,Group 3,109.671,32,demo_measurement,unit
G3_25,Group 3,90.292,33,demo_measurement,unit
G3_25,Group 3,128.664,34,demo_measurement,unit
G3_25,Group 3,101.875,35,demo_measurement,unit
G3_25,Group 3,118.630,36,demo_measurement,unit
G3_25,Group 3,120.676,37,demo_measurement,unit
G3_25,Group 3,95.250,38,demo_measurement,unit
G3_25,Group 3,117.093,39,demo_measurement,unit
G3_25,Group 3,117.754,40,demo_measurement,unit
G3_25,Group 3,117.606,41,demo_measurement,unit
G3_25,Group 3,127.815,42,demo_measurement,unit
G3_25,Group 3,102.556,43,demo_measurement,unit
G3_25,Group 3,130.010,44,demo_measurement,unit
G3_25,Group 3,120.257,45,demo_measurement,unit
G3_25,Group 3,128.852,46,demo_measurement,unit
G3_25,Group 3,120.252,47,demo_measurement,unit
G3_25,Group 3,104.380,48,demo_measurement,unit
G3_25,Group 3,126.204,49,demo_measurement,unit
G3_25,Group 3,113.318,50,demo_measurement,unit
G3_26,Group 3,124.028,1,demo_measurement,unit
G3_26,Group 3,116.614,2,demo_measurement,unit
G3_26,Group 3,111.411,3,demo_measurement,unit
G3_26,Group 3,108.227,4,demo_measurement,unit
G3_26,Group 3,121.410,5,demo_measurement,unit
G3_26,Group 3,117.725,6,demo_measurement,unit
G3_26,Group 3,109.211,7,demo_measurement,unit
G3_26,Group 3,105.449,8,demo_measurement,unit
G3_26,Group 3,112.905,9,demo_measurement,unit
G3_26,Group 3,112.076,10,demo_measurement,unit
G3_26,Group 3,88.824,11,demo_measurement,unit
G3_26,Group 3,117.951,12,demo_measurement,unit
G3_26,Group 3,106.970,13,demo_measurement,unit
G3_26,Group 3,96.956,14,demo_measurement,unit
G3_26,Group 3,99.754,15,demo_measurement,unit
G3_26,Group 3,122.507,16,demo_measurement,unit
G3_26,Group 3,130.755,17,demo_measurement,unit
G3_26,Group 3,97.524,18,demo_measurement,unit
G3_26,Group 3,113.559,19,demo_measurement,unit
G3_26,Group 3,140.619,20,demo_measurement,unit
G3_26,Group 3,110.854,21,demo_measurement,unit
G3_26,Group 3,121.433,22,demo_measurement,unit
G3_26,Group 3,98.675,23,demo_measurement,unit
G3_26,Group 3,101.033,24,demo_measurement,unit
G3_26,Group 3,94.653,25,demo_measurement,unit
G3_26,Group 3,127.192,26,demo_measurement,unit
G3_26,Group 3,134.274,27,demo_measurement,unit
G3_26,Group 3,114.221,28,demo_measurement,unit
G3_26,Group 3,101.369,29,demo_measurement,unit
G3_26,Group 3,124.114,30,demo_measurement,unit
G3_26,Group 3,127.386,31,demo_measurement,unit
G3_26,Group 3,118.498,32,demo_measurement,unit
G3_26,Group 3,129.740,33,demo_measurement,unit
G3_26,Group 3,110.667,34,demo_measurement,unit
G3_26,Group 3,104.827,35,demo_measurement,unit
G3_26,Group 3,105.466,36,demo_measurement,unit
G3_26,Group 3,122.049,37,demo_measurement,unit
G3_26,Group 3,124.528,38,demo_measurement,unit
G3_26,Group 3,131.286,39,demo_measurement,unit
G3_26,Group 3,120.950,40,demo_measurement,unit
G3_26,Group 3,132.720,41,demo_measurement,unit
G3_26,Group 3,109.734,42,demo_measurement,unit
G3_26,Group 3,89.847,43,demo_measurement,unit
G3_26,Group 3,119.628,44,demo_measurement,unit
G3_26,Group 3,118.784,45,demo_measurement,unit
G3_26,Group 3,114.152,46,demo_measurement,unit
G3_26,Group 3,119.750,47,demo_measurement,unit
G3_26,Group 3,129.400,48,demo_measurement,unit
G3_26,Group 3,128.622,49,demo_measurement,unit
G3_26,Group 3,130.846,50,demo_measurement,unit
G3_27,Group 3,128.667,1,demo_measurement,unit
G3_27,Group 3,113.591,2,demo_measurement,unit
G3_27,Group 3,114.925,3,demo_measurement,unit
G3_27,Group 3,106.540,4,demo_measurement,unit
G3_27,Group 3,113.120,5,demo_measurement,unit
G3_27,Group 3,105.504,6,demo_measurement,unit
G3_27,Group 3,101.076,7,demo_measurement,unit
G3_27,Group 3,140.870,8,demo_measurement,unit
G3_27,Group 3,99.358,9,demo_measurement,unit
G3_27,Group 3,128.712,10,demo_measurement,unit
G3_27,Group 3,122.368,11,demo_measurement,unit
G3_27,Group 3,118.853,12,demo_measurement,unit
G3_27,Group 3,129.751,13,demo_measurement,unit
G3_27,Group 3,94.835,14,demo_measurement,unit
G3_27,Group 3,116.148,15,demo_measurement,unit
G3_27,Group 3,109.922,16,demo_measurement,unit
G3_27,Group 3,131.343,17,demo_measurement,unit
G3_27,Group 3,114.791,18,demo_measurement,unit
G3_27,Group 3,110.194,19,demo_measurement,unit
G3_27,Group 3,111.575,20,demo_measurement,unit
G3_27,Group 3,106.952,21,demo_measurement,unit
G3_27,Group 3,140.817,22,demo_measurement,unit
G3_27,Group 3,112.001,23,demo_measurement,unit
G3_27,Group 3,113.538,24,demo_measurement,unit
G3_27,Group 3,106.434,25,demo_measurement,unit
G3_27,Group 3,130.799,26,demo_measurement,unit
G3_27,Group 3,111.236,27,demo_measurement,unit
G3_27,Group 3,122.204,28,demo_measurement,unit
G3_27,Group 3,94.324,29,demo_measurement,unit
G3_27,Group 3,132.086,30,demo_measurement,unit
G3_27,Group 3,131.247,31,demo_measurement,unit
G3_27,Group 3,108.451,32,demo_measurement,unit
G3_27,Group 3,113.481,33,demo_measurement,unit
G3_27,Group 3,120.119,34,demo_measurement,unit
G3_27,Group 3,92.874,35,demo_measurement,unit
G3_27,Group 3,121.171,36,demo_measurement,unit
G3_27,Group 3,108.039,37,demo_measurement,unit
G3_27,Group 3,110.415,38,demo_measurement,unit
G3_27,Group 3,106.002,39,demo_measurement,unit
G3_27,Group 3,110.026,40,demo_measurement,unit
G3_27,Group 3,112.725,41,demo_measurement,unit
G3_27,Group 3,117.357,42,demo_measurement,unit
G3_27,Group 3,116.777,43,demo_measurement,unit
G3_27,Group 3,124.353,44,demo_measurement,unit
G3_27,Group 3,114.037,45,demo_measurement,unit
G3_27,Group 3,107.764,46,demo_measurement,unit
G3_27,Group 3,104.422,47,demo_measurement,unit
G3_27,Group 3,118.916,48,demo_measurement,unit
G3_27,Group 3,109.105,49,demo_measurement,unit
G3_27,Group 3,107.155,50,demo_measurement,unit
G3_28,Group 3,105.018,1,demo_measurement,unit
G3_28,Group 3,110.992,2,demo_measurement,unit
G3_28,Group 3,109.829,3,demo_measurement,unit
G3_28,Group 3,110.479,4,demo_measurement,unit
G3_28,Group 3,114.012,5,demo_measurement,unit
G3_28,Group 3,113.317,6,demo_measurement,unit
G3_28,Group 3,119.170,7,demo_measurement,unit
G3_28,Group 3,136.410,8,demo_measurement,unit
G3_28,Group 3,105.905,9,demo_measurement,unit
G3_28,Group 3,105.017,10,demo_measurement,unit
G3_28,Group 3,101.888,11,demo_measurement,unit
G3_28,Group 3,135.150,12,demo_measurement,unit
G3_28,Group 3,102.762,13,demo_measurement,unit
G3_28,Group 3,108.147,14,demo_measurement,unit
G3_28,Group 3,114.910,15,demo_measurement,unit
G3_28,Group 3,104.301,16,demo_measurement,unit
G3_28,Group 3,130.942,17,demo_measurement,unit
G3_28,Group 3,127.561,18,demo_measurement,unit
G3_28,Group 3,116.721,19,demo_measurement,unit
G3_28,Group 3,115.828,20,demo_measurement,unit
G3_28,Group 3,125.860,21,demo_measurement,unit
G3_28,Group 3,118.700,22,demo_measurement,unit
G3_28,Group 3,92.112,23,demo_measurement,unit
G3_28,Group 3,118.121,24,demo_measurement,unit
G3_28,Group 3,129.676,25,demo_measurement,unit
G3_28,Group 3,100.814,26,demo_measurement,unit
G3_28,Group 3,112.269,27,demo_measurement,unit
G3_28,Group 3,112.071,28,demo_measurement,unit
G3_28,Group 3,102.327,29,demo_measurement,unit
G3_28,Group 3,114.966,30,demo_measurement,unit
G3_28,Group 3,120.862,31,demo_measurement,unit
G3_28,Group 3,108.406,32,demo_measurement,unit
G3_28,Group 3,84.262,33,demo_measurement,unit
G3_28,Group 3,88.802,34,demo_measurement,unit
G3_28,Group 3,113.538,35,demo_measurement,unit
G3_28,Group 3,126.260,36,demo_measurement,unit
G3_28,Group 3,99.515,37,demo_measurement,unit
G3_28,Group 3,108.287,38,demo_measurement,unit
G3_28,Group 3,112.949,39,demo_measurement,unit
G3_28,Group 3,115.228,40,demo_measurement,unit
G3_28,Group 3,107.043,41,demo_measurement,unit
G3_28,Group 3,105.796,42,demo_measurement,unit
G3_28,Group 3,138.783,43,demo_measurement,unit
G3_28,Group 3,119.168,44,demo_measurement,unit
G3_28,Group 3,118.590,45,demo_measurement,unit
G3_28,Group 3,116.775,46,demo_measurement,unit
G3_28,Group 3,102.809,47,demo_measurement,unit
G3_28,Group 3,132.278,48,demo_measurement,unit
G3_28,Group 3,127.889,49,demo_measurement,unit
G3_28,Group 3,121.766,50,demo_measurement,unit
G3_29,Group 3,129.928,1,demo_measurement,unit
G3_29,Group 3,107.515,2,demo_measurement,unit
G3_29,Group 3,108.907,3,demo_measurement,unit
G3_29,Group 3,104.013,4,demo_measurement,unit
G3_29,Group 3,102.515,5,demo_measurement,unit
G3_29,Group 3,134.495,6,demo_measurement,unit
G3_29,Group 3,108.097,7,demo_measurement,unit
G3_29,Group 3,133.941,8,demo_measurement,unit
G3_29,Group 3,129.214,9,demo_measurement,unit
G3_29,Group 3,115.654,10,demo_measurement,unit
G3_29,Group 3,111.660,11,demo_measurement,unit
G3_29,Group 3,111.628,12,demo_measurement,unit
G3_29,Group 3,103.768,13,demo_measurement,unit
G3_29,Group 3,99.748,14,demo_measurement,unit
G3_29,Group 3,110.702,15,demo_measurement,unit
G3_29,Group 3,107.439,16,demo_measurement,unit
G3_29,Group 3,133.660,17,demo_measurement,unit
G3_29,Group 3,111.104,18,demo_measurement,unit
G3_29,Group 3,115.016,19,demo_measurement,unit
G3_29,Group 3,101.158,20,demo_measurement,unit
G3_29,Group 3,122.625,21,demo_measurement,unit
G3_29,Group 3,101.246,22,demo_measurement,unit
G3_29,Group 3,122.917,23,demo_measurement,unit
G3_29,Group 3,118.528,24,demo_measurement,unit
G3_29,Group 3,99.704,25,demo_measurement,unit
G3_29,Group 3,108.019,26,demo_measurement,unit
G3_29,Group 3,118.715,27,demo_measurement,unit
G3_29,Group 3,112.854,28,demo_measurement,unit
G3_29,Group 3,107.272,29,demo_measurement,unit
G3_29,Group 3,89.013,30,demo_measurement,unit
G3_29,Group 3,86.124,31,demo_measurement,unit
G3_29,Group 3,117.427,32,demo_measurement,unit
G3_29,Group 3,134.229,33,demo_measurement,unit
G3_29,Group 3,100.531,34,demo_measurement,unit
G3_29,Group 3,104.052,35,demo_measurement,unit
G3_29,Group 3,125.554,36,demo_measurement,unit
G3_29,Group 3,129.906,37,demo_measurement,unit
G3_29,Group 3,133.090,38,demo_measurement,unit
G3_29,Group 3,133.022,39,demo_measurement,unit
G3_29,Group 3,116.845,40,demo_measurement,unit
G3_29,Group 3,118.880,41,demo_measurement,unit
G3_29,Group 3,104.807,42,demo_measurement,unit
G3_29,Group 3,123.342,43,demo_measurement,unit
G3_29,Group 3,117.424,44,demo_measurement,unit
G3_29,Group 3,114.838,45,demo_measurement,unit
G3_29,Group 3,95.533,46,demo_measurement,unit
G3_29,Group 3,118.938,47,demo_measurement,unit
G3_29,Group 3,102.105,48,demo_measurement,unit
G3_29,Group 3,104.213,49,demo_measurement,unit
G3_29,Group 3,123.469,50,demo_measurement,unit
G3_30,Group 3,116.210,1,demo_measurement,unit
G3_30,Group 3,123.499,2,demo_measurement,unit
G3_30,Group 3,104.091,3,demo_measurement,unit
G3_30,Group 3,123.882,4,demo_measurement,unit
G3_30,Group 3,112.037,5,demo_measurement,unit
G3_30,Group 3,110.959,6,demo_measurement,unit
G3_30,Group 3,129.352,7,demo_measurement,unit
G3_30,Group 3,129.169,8,demo_measurement,unit
G3_30,Group 3,113.719,9,demo_measurement,unit
G3_30,Group 3,103.006,10,demo_measurement,unit
G3_30,Group 3,118.557,11,demo_measurement,unit
G3_30,Group 3,131.073,12,demo_measurement,unit
G3_30,Group 3,110.186,13,demo_measurement,unit
G3_30,Group 3,121.457,14,demo_measurement,unit
G3_30,Group 3,108.564,15,demo_measurement,unit
G3_30,Group 3,97.206,16,demo_measurement,unit
G3_30,Group 3,106.183,17,demo_measurement,unit
G3_30,Group 3,92.647,18,demo_measurement,unit
G3_30,Group 3,118.634,19,demo_measurement,unit
G3_30,Group 3,113.840,20,demo_measurement,unit
G3_30,Group 3,102.555,21,demo_measurement,unit
G3_30,Group 3,111.024,22,demo_measurement,unit
G3_30,Group 3,120.176,23,demo_measurement,unit
G3_30,Group 3,105.013,24,demo_measurement,unit
G3_30,Group 3,98.315,25,demo_measurement,unit
G3_30,Group 3,110.566,26,demo_measurement,unit
G3_30,Group 3,105.767,27,demo_measurement,unit
G3_30,Group 3,106.716,28,demo_measurement,unit
G3_30,Group 3,104.575,29,demo_measurement,unit
G3_30,Group 3,113.356,30,demo_measurement,unit
G3_30,Group 3,139.247,31,demo_measurement,unit
G3_30,Group 3,128.515,32,demo_measurement,unit
G3_30,Group 3,121.859,33,demo_measurement,unit
G3_30,Group 3,95.236,34,demo_measurement,unit
G3_30,Group 3,106.724,35,demo_measurement,unit
G3_30,Group 3,103.003,36,demo_measurement,unit
G3_30,Group 3,108.576,37,demo_measurement,unit
G3_30,Group 3,128.252,38,demo_measurement,unit
G3_30,Group 3,114.628,39,demo_measurement,unit
G3_30,Group 3,111.414,40,demo_measurement,unit
G3_30,Group 3,136.308,41,demo_measurement,unit
G3_30,Group 3,90.459,42,demo_measurement,unit
G3_30,Group 3,106.967,43,demo_measurement,unit
G3_30,Group 3,139.255,44,demo_measurement,unit
G3_30,Group 3,129.494,45,demo_measurement,unit
G3_30,Group 3,121.574,46,demo_measurement,unit
G3_30,Group 3,97.883,47,demo_measurement,unit
G3_30,Group 3,135.437,48,demo_measurement,unit
G3_30,Group 3,112.148,49,demo_measurement,unit
G3_30,Group 3,102.981,50,demo_measurement,unit
